K_NO,131,38,19,<__main__.SmallCactus object at 0x7f848df59c70>,2000,0,2
K_NO,112,38,19,<__main__.SmallCactus object at 0x7f848df59c70>,1081,58,<__main__.LargeCactus object at 0x7f848df59d00>
K_NO,93,38,19,<__main__.SmallCactus object at 0x7f848df59c70>,1062,58,<__main__.LargeCactus object at 0x7f848df59d00>
K_NO,74,38,19,<__main__.SmallCactus object at 0x7f848df59c70>,1043,58,<__main__.LargeCactus object at 0x7f848df59d00>
K_UP,270,58,10,<__main__.LargeCactus object at 0x7f9ba68656a0>,2000,0,2
K_UP,260,58,10,<__main__.LargeCactus object at 0x7f9ba68656a0>,2000,0,2
K_UP,250,58,10,<__main__.LargeCactus object at 0x7f9ba68656a0>,2000,0,2
K_UP,240,58,10,<__main__.LargeCactus object at 0x7f9ba68656a0>,2000,0,2
K_UP,230,58,10,<__main__.LargeCactus object at 0x7f9ba68656a0>,2000,0,2
K_UP,220,58,10,<__main__.LargeCactus object at 0x7f9ba68656a0>,2000,0,2
K_UP,210,58,10,<__main__.LargeCactus object at 0x7f9ba68656a0>,2000,0,2
K_UP,200,58,10,<__main__.LargeCactus object at 0x7f9ba68656a0>,2000,0,2
K_UP,190,58,10,<__main__.LargeCactus object at 0x7f9ba68656a0>,2000,0,2
K_UP,180,58,10,<__main__.LargeCactus object at 0x7f9ba68656a0>,2000,0,2
K_UP,170,58,10,<__main__.LargeCactus object at 0x7f9ba68656a0>,2000,0,2
K_UP,210,38,10,<__main__.SmallCactus object at 0x7f9ba68655b0>,890,58,<__main__.LargeCactus object at 0x7f9ba6865490>
K_UP,200,38,10,<__main__.SmallCactus object at 0x7f9ba68655b0>,880,58,<__main__.LargeCactus object at 0x7f9ba6865490>
K_UP,190,38,10,<__main__.SmallCactus object at 0x7f9ba68655b0>,870,58,<__main__.LargeCactus object at 0x7f9ba6865490>
K_UP,180,38,10,<__main__.SmallCactus object at 0x7f9ba68655b0>,860,58,<__main__.LargeCactus object at 0x7f9ba6865490>
K_UP,170,38,10,<__main__.SmallCactus object at 0x7f9ba68655b0>,850,58,<__main__.LargeCactus object at 0x7f9ba6865490>
K_UP,160,38,10,<__main__.SmallCactus object at 0x7f9ba68655b0>,840,58,<__main__.LargeCactus object at 0x7f9ba6865490>
K_UP,150,38,10,<__main__.SmallCactus object at 0x7f9ba68655b0>,830,58,<__main__.LargeCactus object at 0x7f9ba6865490>
K_UP,140,38,10,<__main__.SmallCactus object at 0x7f9ba68655b0>,820,58,<__main__.LargeCactus object at 0x7f9ba6865490>
K_UP,130,38,10,<__main__.SmallCactus object at 0x7f9ba68655b0>,810,58,<__main__.LargeCactus object at 0x7f9ba6865490>
K_UP,120,38,10,<__main__.SmallCactus object at 0x7f9ba68655b0>,800,58,<__main__.LargeCactus object at 0x7f9ba6865490>
K_UP,210,58,10,<__main__.LargeCactus object at 0x7f9ba6865490>,940,58,<__main__.LargeCactus object at 0x7f9ba6865b80>
K_UP,200,58,10,<__main__.LargeCactus object at 0x7f9ba6865490>,930,58,<__main__.LargeCactus object at 0x7f9ba6865b80>
K_UP,190,58,10,<__main__.LargeCactus object at 0x7f9ba6865490>,920,58,<__main__.LargeCactus object at 0x7f9ba6865b80>
K_UP,180,58,10,<__main__.LargeCactus object at 0x7f9ba6865490>,910,58,<__main__.LargeCactus object at 0x7f9ba6865b80>
K_UP,170,58,10,<__main__.LargeCactus object at 0x7f9ba6865490>,900,58,<__main__.LargeCactus object at 0x7f9ba6865b80>
K_UP,160,58,10,<__main__.LargeCactus object at 0x7f9ba6865490>,890,58,<__main__.LargeCactus object at 0x7f9ba6865b80>
K_UP,150,58,10,<__main__.LargeCactus object at 0x7f9ba6865490>,880,58,<__main__.LargeCactus object at 0x7f9ba6865b80>
K_UP,140,58,10,<__main__.LargeCactus object at 0x7f9ba6865490>,870,58,<__main__.LargeCactus object at 0x7f9ba6865b80>
K_UP,270,58,10,<__main__.LargeCactus object at 0x7f9ba6865b80>,920,38,<__main__.SmallCactus object at 0x7f9ba6865c10>
K_UP,260,58,10,<__main__.LargeCactus object at 0x7f9ba6865b80>,910,38,<__main__.SmallCactus object at 0x7f9ba6865c10>
K_UP,250,58,10,<__main__.LargeCactus object at 0x7f9ba6865b80>,900,38,<__main__.SmallCactus object at 0x7f9ba6865c10>
K_UP,240,58,10,<__main__.LargeCactus object at 0x7f9ba6865b80>,890,38,<__main__.SmallCactus object at 0x7f9ba6865c10>
K_UP,230,58,10,<__main__.LargeCactus object at 0x7f9ba6865b80>,880,38,<__main__.SmallCactus object at 0x7f9ba6865c10>
K_UP,220,58,10,<__main__.LargeCactus object at 0x7f9ba6865b80>,870,38,<__main__.SmallCactus object at 0x7f9ba6865c10>
K_UP,210,58,10,<__main__.LargeCactus object at 0x7f9ba6865b80>,860,38,<__main__.SmallCactus object at 0x7f9ba6865c10>
K_UP,200,58,10,<__main__.LargeCactus object at 0x7f9ba6865b80>,850,38,<__main__.SmallCactus object at 0x7f9ba6865c10>
K_UP,280,38,10,<__main__.SmallCactus object at 0x7f9ba6865c10>,740,58,<__main__.LargeCactus object at 0x7f9ba6865af0>
K_UP,270,38,11,<__main__.SmallCactus object at 0x7f9ba6865c10>,730,58,<__main__.LargeCactus object at 0x7f9ba6865af0>
K_UP,259,38,11,<__main__.SmallCactus object at 0x7f9ba6865c10>,719,58,<__main__.LargeCactus object at 0x7f9ba6865af0>
K_UP,248,38,11,<__main__.SmallCactus object at 0x7f9ba6865c10>,708,58,<__main__.LargeCactus object at 0x7f9ba6865af0>
K_UP,237,38,11,<__main__.SmallCactus object at 0x7f9ba6865c10>,697,58,<__main__.LargeCactus object at 0x7f9ba6865af0>
K_UP,226,38,11,<__main__.SmallCactus object at 0x7f9ba6865c10>,686,58,<__main__.LargeCactus object at 0x7f9ba6865af0>
K_UP,215,38,11,<__main__.SmallCactus object at 0x7f9ba6865c10>,675,58,<__main__.LargeCactus object at 0x7f9ba6865af0>
K_UP,204,38,11,<__main__.SmallCactus object at 0x7f9ba6865c10>,664,58,<__main__.LargeCactus object at 0x7f9ba6865af0>
K_UP,193,38,11,<__main__.SmallCactus object at 0x7f9ba6865c10>,653,58,<__main__.LargeCactus object at 0x7f9ba6865af0>
K_UP,268,58,11,<__main__.LargeCactus object at 0x7f9ba6865af0>,1001,38,<__main__.SmallCactus object at 0x7f9ba6865ca0>
K_UP,257,58,11,<__main__.LargeCactus object at 0x7f9ba6865af0>,990,38,<__main__.SmallCactus object at 0x7f9ba6865ca0>
K_UP,246,58,11,<__main__.LargeCactus object at 0x7f9ba6865af0>,979,38,<__main__.SmallCactus object at 0x7f9ba6865ca0>
K_UP,235,58,11,<__main__.LargeCactus object at 0x7f9ba6865af0>,968,38,<__main__.SmallCactus object at 0x7f9ba6865ca0>
K_UP,224,58,11,<__main__.LargeCactus object at 0x7f9ba6865af0>,957,38,<__main__.SmallCactus object at 0x7f9ba6865ca0>
K_UP,213,58,11,<__main__.LargeCactus object at 0x7f9ba6865af0>,946,38,<__main__.SmallCactus object at 0x7f9ba6865ca0>
K_UP,202,58,11,<__main__.LargeCactus object at 0x7f9ba6865af0>,935,38,<__main__.SmallCactus object at 0x7f9ba6865ca0>
K_UP,191,58,11,<__main__.LargeCactus object at 0x7f9ba6865af0>,924,38,<__main__.SmallCactus object at 0x7f9ba6865ca0>
K_UP,264,38,11,<__main__.SmallCactus object at 0x7f9ba6865ca0>,803,58,<__main__.LargeCactus object at 0x7f9ba6865dc0>
K_UP,253,38,11,<__main__.SmallCactus object at 0x7f9ba6865ca0>,792,58,<__main__.LargeCactus object at 0x7f9ba6865dc0>
K_UP,242,38,11,<__main__.SmallCactus object at 0x7f9ba6865ca0>,781,58,<__main__.LargeCactus object at 0x7f9ba6865dc0>
K_UP,231,38,11,<__main__.SmallCactus object at 0x7f9ba6865ca0>,770,58,<__main__.LargeCactus object at 0x7f9ba6865dc0>
K_UP,220,38,11,<__main__.SmallCactus object at 0x7f9ba6865ca0>,759,58,<__main__.LargeCactus object at 0x7f9ba6865dc0>
K_UP,209,38,11,<__main__.SmallCactus object at 0x7f9ba6865ca0>,748,58,<__main__.LargeCactus object at 0x7f9ba6865dc0>
K_UP,198,38,11,<__main__.SmallCactus object at 0x7f9ba6865ca0>,737,58,<__main__.LargeCactus object at 0x7f9ba6865dc0>
K_UP,319,58,11,<__main__.LargeCactus object at 0x7f9ba6865dc0>,2000,0,2
K_UP,308,58,11,<__main__.LargeCactus object at 0x7f9ba6865dc0>,2000,0,2
K_UP,297,58,11,<__main__.LargeCactus object at 0x7f9ba6865dc0>,2000,0,2
K_UP,286,58,11,<__main__.LargeCactus object at 0x7f9ba6865dc0>,2000,0,2
K_UP,275,58,11,<__main__.LargeCactus object at 0x7f9ba6865dc0>,2000,0,2
K_UP,264,58,11,<__main__.LargeCactus object at 0x7f9ba6865dc0>,2000,0,2
K_UP,253,58,11,<__main__.LargeCactus object at 0x7f9ba6865dc0>,2000,0,2
K_UP,242,58,11,<__main__.LargeCactus object at 0x7f9ba6865dc0>,2000,0,2
K_UP,231,58,11,<__main__.LargeCactus object at 0x7f9ba6865dc0>,2000,0,2
K_UP,308,58,11,<__main__.LargeCactus object at 0x7f9ba6865d30>,836,38,<__main__.SmallCactus object at 0x7f9ba6865e50>
K_UP,297,58,11,<__main__.LargeCactus object at 0x7f9ba6865d30>,825,38,<__main__.SmallCactus object at 0x7f9ba6865e50>
K_UP,286,58,11,<__main__.LargeCactus object at 0x7f9ba6865d30>,814,38,<__main__.SmallCactus object at 0x7f9ba6865e50>
K_UP,275,58,11,<__main__.LargeCactus object at 0x7f9ba6865d30>,803,38,<__main__.SmallCactus object at 0x7f9ba6865e50>
K_UP,264,58,11,<__main__.LargeCactus object at 0x7f9ba6865d30>,792,38,<__main__.SmallCactus object at 0x7f9ba6865e50>
K_UP,253,58,11,<__main__.LargeCactus object at 0x7f9ba6865d30>,781,38,<__main__.SmallCactus object at 0x7f9ba6865e50>
K_UP,242,58,11,<__main__.LargeCactus object at 0x7f9ba6865d30>,770,38,<__main__.SmallCactus object at 0x7f9ba6865e50>
K_UP,231,58,11,<__main__.LargeCactus object at 0x7f9ba6865d30>,759,38,<__main__.SmallCactus object at 0x7f9ba6865e50>
K_UP,220,58,11,<__main__.LargeCactus object at 0x7f9ba6865d30>,748,38,<__main__.SmallCactus object at 0x7f9ba6865e50>
K_UP,209,58,11,<__main__.LargeCactus object at 0x7f9ba6865d30>,737,38,<__main__.SmallCactus object at 0x7f9ba6865e50>
K_UP,198,58,11,<__main__.LargeCactus object at 0x7f9ba6865d30>,726,38,<__main__.SmallCactus object at 0x7f9ba6865e50>
K_UP,242,38,11,<__main__.SmallCactus object at 0x7f9ba6865e50>,2000,0,2
K_UP,231,38,11,<__main__.SmallCactus object at 0x7f9ba6865e50>,2000,0,2
K_UP,220,38,11,<__main__.SmallCactus object at 0x7f9ba6865e50>,2000,0,2
K_UP,209,38,11,<__main__.SmallCactus object at 0x7f9ba6865e50>,2000,0,2
K_UP,198,38,11,<__main__.SmallCactus object at 0x7f9ba6865e50>,2000,0,2
K_UP,187,38,11,<__main__.SmallCactus object at 0x7f9ba6865e50>,2000,0,2
K_UP,176,38,11,<__main__.SmallCactus object at 0x7f9ba6865e50>,2000,0,2
K_DOWN,330,123,11,<__main__.Bird object at 0x7f9ba6865f70>,2000,0,2
K_DOWN,319,123,11,<__main__.Bird object at 0x7f9ba6865f70>,2000,0,2
K_DOWN,308,123,11,<__main__.Bird object at 0x7f9ba6865f70>,2000,0,2
K_DOWN,297,123,11,<__main__.Bird object at 0x7f9ba6865f70>,2000,0,2
K_DOWN,286,123,11,<__main__.Bird object at 0x7f9ba6865f70>,2000,0,2
K_DOWN,275,123,11,<__main__.Bird object at 0x7f9ba6865f70>,2000,0,2
K_DOWN,264,123,11,<__main__.Bird object at 0x7f9ba6865f70>,2000,0,2
K_DOWN,253,123,11,<__main__.Bird object at 0x7f9ba6865f70>,2000,0,2
K_DOWN,242,123,11,<__main__.Bird object at 0x7f9ba6865f70>,2000,0,2
K_DOWN,231,123,11,<__main__.Bird object at 0x7f9ba6865f70>,2000,0,2
K_DOWN,220,123,11,<__main__.Bird object at 0x7f9ba6865f70>,2000,0,2
K_DOWN,209,123,11,<__main__.Bird object at 0x7f9ba6865f70>,2000,0,2
K_DOWN,198,123,11,<__main__.Bird object at 0x7f9ba6865f70>,2000,0,2
K_DOWN,187,123,11,<__main__.Bird object at 0x7f9ba6865f70>,2000,0,2
K_DOWN,176,123,11,<__main__.Bird object at 0x7f9ba6865f70>,2000,0,2
K_DOWN,165,123,11,<__main__.Bird object at 0x7f9ba6865f70>,2000,0,2
K_DOWN,154,123,11,<__main__.Bird object at 0x7f9ba6865f70>,2000,0,2
K_DOWN,143,123,11,<__main__.Bird object at 0x7f9ba6865f70>,1089,58,<__main__.LargeCactus object at 0x7f9ba681c040>
K_DOWN,132,123,11,<__main__.Bird object at 0x7f9ba6865f70>,1078,58,<__main__.LargeCactus object at 0x7f9ba681c040>
K_DOWN,121,123,11,<__main__.Bird object at 0x7f9ba6865f70>,1067,58,<__main__.LargeCactus object at 0x7f9ba681c040>
K_DOWN,110,123,12,<__main__.Bird object at 0x7f9ba6865f70>,1056,58,<__main__.LargeCactus object at 0x7f9ba681c040>
K_DOWN,98,123,12,<__main__.Bird object at 0x7f9ba6865f70>,1044,58,<__main__.LargeCactus object at 0x7f9ba681c040>
K_DOWN,86,123,12,<__main__.Bird object at 0x7f9ba6865f70>,1032,58,<__main__.LargeCactus object at 0x7f9ba681c040>
K_DOWN,74,123,12,<__main__.Bird object at 0x7f9ba6865f70>,1020,58,<__main__.LargeCactus object at 0x7f9ba681c040>
K_DOWN,62,123,12,<__main__.Bird object at 0x7f9ba6865f70>,1008,58,<__main__.LargeCactus object at 0x7f9ba681c040>
K_DOWN,50,123,12,<__main__.Bird object at 0x7f9ba6865f70>,996,58,<__main__.LargeCactus object at 0x7f9ba681c040>
K_UP,264,58,12,<__main__.LargeCactus object at 0x7f9ba681c040>,908,38,<__main__.SmallCactus object at 0x7f9ba681c0d0>
K_UP,252,58,12,<__main__.LargeCactus object at 0x7f9ba681c040>,896,38,<__main__.SmallCactus object at 0x7f9ba681c0d0>
K_UP,240,58,12,<__main__.LargeCactus object at 0x7f9ba681c040>,884,38,<__main__.SmallCactus object at 0x7f9ba681c0d0>
K_UP,228,58,12,<__main__.LargeCactus object at 0x7f9ba681c040>,872,38,<__main__.SmallCactus object at 0x7f9ba681c0d0>
K_UP,216,58,12,<__main__.LargeCactus object at 0x7f9ba681c040>,860,38,<__main__.SmallCactus object at 0x7f9ba681c0d0>
K_UP,204,58,12,<__main__.LargeCactus object at 0x7f9ba681c040>,848,38,<__main__.SmallCactus object at 0x7f9ba681c0d0>
K_UP,192,58,12,<__main__.LargeCactus object at 0x7f9ba681c040>,836,38,<__main__.SmallCactus object at 0x7f9ba681c0d0>
K_UP,180,58,12,<__main__.LargeCactus object at 0x7f9ba681c040>,824,38,<__main__.SmallCactus object at 0x7f9ba681c0d0>
K_UP,168,58,12,<__main__.LargeCactus object at 0x7f9ba681c040>,812,38,<__main__.SmallCactus object at 0x7f9ba681c0d0>
K_UP,156,58,12,<__main__.LargeCactus object at 0x7f9ba681c040>,800,38,<__main__.SmallCactus object at 0x7f9ba681c0d0>
K_UP,260,38,12,<__main__.SmallCactus object at 0x7f9ba681c0d0>,2000,0,2
K_UP,248,38,12,<__main__.SmallCactus object at 0x7f9ba681c0d0>,2000,0,2
K_UP,236,38,12,<__main__.SmallCactus object at 0x7f9ba681c0d0>,2000,0,2
K_UP,224,38,12,<__main__.SmallCactus object at 0x7f9ba681c0d0>,2000,0,2
K_UP,212,38,12,<__main__.SmallCactus object at 0x7f9ba681c0d0>,2000,0,2
K_UP,200,38,12,<__main__.SmallCactus object at 0x7f9ba681c0d0>,2000,0,2
K_UP,188,38,12,<__main__.SmallCactus object at 0x7f9ba681c0d0>,2000,0,2
K_UP,176,38,12,<__main__.SmallCactus object at 0x7f9ba681c0d0>,2000,0,2
K_UP,164,38,12,<__main__.SmallCactus object at 0x7f9ba681c0d0>,2000,0,2
K_UP,248,38,12,<__main__.SmallCactus object at 0x7f9ba681c160>,740,38,<__main__.SmallCactus object at 0x7f9ba6865ee0>
K_UP,236,38,12,<__main__.SmallCactus object at 0x7f9ba681c160>,728,38,<__main__.SmallCactus object at 0x7f9ba6865ee0>
K_UP,224,38,12,<__main__.SmallCactus object at 0x7f9ba681c160>,716,38,<__main__.SmallCactus object at 0x7f9ba6865ee0>
K_UP,212,38,12,<__main__.SmallCactus object at 0x7f9ba681c160>,704,38,<__main__.SmallCactus object at 0x7f9ba6865ee0>
K_UP,200,38,12,<__main__.SmallCactus object at 0x7f9ba681c160>,692,38,<__main__.SmallCactus object at 0x7f9ba6865ee0>
K_UP,188,38,12,<__main__.SmallCactus object at 0x7f9ba681c160>,680,38,<__main__.SmallCactus object at 0x7f9ba6865ee0>
K_UP,176,38,12,<__main__.SmallCactus object at 0x7f9ba681c160>,668,38,<__main__.SmallCactus object at 0x7f9ba6865ee0>
K_UP,164,38,12,<__main__.SmallCactus object at 0x7f9ba681c160>,656,38,<__main__.SmallCactus object at 0x7f9ba6865ee0>
K_UP,284,38,12,<__main__.SmallCactus object at 0x7f9ba6865ee0>,920,58,<__main__.LargeCactus object at 0x7f9ba681c2e0>
K_UP,272,38,12,<__main__.SmallCactus object at 0x7f9ba6865ee0>,908,58,<__main__.LargeCactus object at 0x7f9ba681c2e0>
K_UP,260,38,12,<__main__.SmallCactus object at 0x7f9ba6865ee0>,896,58,<__main__.LargeCactus object at 0x7f9ba681c2e0>
K_UP,248,38,12,<__main__.SmallCactus object at 0x7f9ba6865ee0>,884,58,<__main__.LargeCactus object at 0x7f9ba681c2e0>
K_UP,236,38,12,<__main__.SmallCactus object at 0x7f9ba6865ee0>,872,58,<__main__.LargeCactus object at 0x7f9ba681c2e0>
K_UP,224,38,12,<__main__.SmallCactus object at 0x7f9ba6865ee0>,860,58,<__main__.LargeCactus object at 0x7f9ba681c2e0>
K_UP,212,38,12,<__main__.SmallCactus object at 0x7f9ba6865ee0>,848,58,<__main__.LargeCactus object at 0x7f9ba681c2e0>
K_UP,200,38,12,<__main__.SmallCactus object at 0x7f9ba6865ee0>,836,58,<__main__.LargeCactus object at 0x7f9ba681c2e0>
K_UP,284,58,12,<__main__.LargeCactus object at 0x7f9ba681c2e0>,2000,0,2
K_UP,272,58,12,<__main__.LargeCactus object at 0x7f9ba681c2e0>,2000,0,2
K_UP,260,58,12,<__main__.LargeCactus object at 0x7f9ba681c2e0>,2000,0,2
K_UP,248,58,12,<__main__.LargeCactus object at 0x7f9ba681c2e0>,2000,0,2
K_UP,236,58,12,<__main__.LargeCactus object at 0x7f9ba681c2e0>,2000,0,2
K_UP,224,58,12,<__main__.LargeCactus object at 0x7f9ba681c2e0>,2000,0,2
K_UP,212,58,12,<__main__.LargeCactus object at 0x7f9ba681c2e0>,2000,0,2
K_UP,200,58,12,<__main__.LargeCactus object at 0x7f9ba681c2e0>,2000,0,2
K_UP,308,38,12,<__main__.SmallCactus object at 0x7f9ba681c280>,992,38,<__main__.SmallCactus object at 0x7f9ba681c400>
K_UP,296,38,12,<__main__.SmallCactus object at 0x7f9ba681c280>,980,38,<__main__.SmallCactus object at 0x7f9ba681c400>
K_UP,284,38,12,<__main__.SmallCactus object at 0x7f9ba681c280>,968,38,<__main__.SmallCactus object at 0x7f9ba681c400>
K_UP,272,38,12,<__main__.SmallCactus object at 0x7f9ba681c280>,956,38,<__main__.SmallCactus object at 0x7f9ba681c400>
K_UP,260,38,12,<__main__.SmallCactus object at 0x7f9ba681c280>,944,38,<__main__.SmallCactus object at 0x7f9ba681c400>
K_UP,248,38,12,<__main__.SmallCactus object at 0x7f9ba681c280>,932,38,<__main__.SmallCactus object at 0x7f9ba681c400>
K_UP,282,38,13,<__main__.SmallCactus object at 0x7f9ba681c400>,2000,0,2
K_UP,269,38,13,<__main__.SmallCactus object at 0x7f9ba681c400>,2000,0,2
K_UP,256,38,13,<__main__.SmallCactus object at 0x7f9ba681c400>,2000,0,2
K_UP,243,38,13,<__main__.SmallCactus object at 0x7f9ba681c400>,2000,0,2
K_UP,230,38,13,<__main__.SmallCactus object at 0x7f9ba681c400>,2000,0,2
K_UP,217,38,13,<__main__.SmallCactus object at 0x7f9ba681c400>,1087,38,<__main__.SmallCactus object at 0x7f9ba681c490>
K_UP,268,38,13,<__main__.SmallCactus object at 0x7f9ba681c490>,2000,0,2
K_UP,255,38,13,<__main__.SmallCactus object at 0x7f9ba681c490>,2000,0,2
K_UP,242,38,13,<__main__.SmallCactus object at 0x7f9ba681c490>,2000,0,2
K_UP,229,38,13,<__main__.SmallCactus object at 0x7f9ba681c490>,2000,0,2
K_UP,216,38,13,<__main__.SmallCactus object at 0x7f9ba681c490>,2000,0,2
K_UP,203,38,13,<__main__.SmallCactus object at 0x7f9ba681c490>,2000,0,2
K_DOWN,411,83,13,<__main__.Bird object at 0x7f9ba681c370>,2000,0,2
K_DOWN,398,83,13,<__main__.Bird object at 0x7f9ba681c370>,2000,0,2
K_DOWN,385,83,13,<__main__.Bird object at 0x7f9ba681c370>,2000,0,2
K_DOWN,372,83,13,<__main__.Bird object at 0x7f9ba681c370>,2000,0,2
K_DOWN,359,83,13,<__main__.Bird object at 0x7f9ba681c370>,2000,0,2
K_DOWN,346,83,13,<__main__.Bird object at 0x7f9ba681c370>,2000,0,2
K_DOWN,333,83,13,<__main__.Bird object at 0x7f9ba681c370>,2000,0,2
K_DOWN,320,83,13,<__main__.Bird object at 0x7f9ba681c370>,2000,0,2
K_DOWN,307,83,13,<__main__.Bird object at 0x7f9ba681c370>,2000,0,2
K_DOWN,294,83,13,<__main__.Bird object at 0x7f9ba681c370>,2000,0,2
K_DOWN,281,83,13,<__main__.Bird object at 0x7f9ba681c370>,1087,38,<__main__.SmallCactus object at 0x7f9ba681c5b0>
K_DOWN,268,83,13,<__main__.Bird object at 0x7f9ba681c370>,1074,38,<__main__.SmallCactus object at 0x7f9ba681c5b0>
K_DOWN,255,83,13,<__main__.Bird object at 0x7f9ba681c370>,1061,38,<__main__.SmallCactus object at 0x7f9ba681c5b0>
K_DOWN,242,83,13,<__main__.Bird object at 0x7f9ba681c370>,1048,38,<__main__.SmallCactus object at 0x7f9ba681c5b0>
K_DOWN,229,83,13,<__main__.Bird object at 0x7f9ba681c370>,1035,38,<__main__.SmallCactus object at 0x7f9ba681c5b0>
K_DOWN,216,83,13,<__main__.Bird object at 0x7f9ba681c370>,1022,38,<__main__.SmallCactus object at 0x7f9ba681c5b0>
K_DOWN,203,83,13,<__main__.Bird object at 0x7f9ba681c370>,1009,38,<__main__.SmallCactus object at 0x7f9ba681c5b0>
K_DOWN,190,83,13,<__main__.Bird object at 0x7f9ba681c370>,996,38,<__main__.SmallCactus object at 0x7f9ba681c5b0>
K_DOWN,177,83,13,<__main__.Bird object at 0x7f9ba681c370>,983,38,<__main__.SmallCactus object at 0x7f9ba681c5b0>
K_DOWN,164,83,13,<__main__.Bird object at 0x7f9ba681c370>,970,38,<__main__.SmallCactus object at 0x7f9ba681c5b0>
K_DOWN,151,83,13,<__main__.Bird object at 0x7f9ba681c370>,957,38,<__main__.SmallCactus object at 0x7f9ba681c5b0>
K_DOWN,138,83,13,<__main__.Bird object at 0x7f9ba681c370>,944,38,<__main__.SmallCactus object at 0x7f9ba681c5b0>
K_DOWN,125,83,13,<__main__.Bird object at 0x7f9ba681c370>,931,38,<__main__.SmallCactus object at 0x7f9ba681c5b0>
K_DOWN,112,83,13,<__main__.Bird object at 0x7f9ba681c370>,918,38,<__main__.SmallCactus object at 0x7f9ba681c5b0>
K_DOWN,99,83,13,<__main__.Bird object at 0x7f9ba681c370>,905,38,<__main__.SmallCactus object at 0x7f9ba681c5b0>
K_DOWN,86,83,13,<__main__.Bird object at 0x7f9ba681c370>,892,38,<__main__.SmallCactus object at 0x7f9ba681c5b0>
K_DOWN,73,83,13,<__main__.Bird object at 0x7f9ba681c370>,879,38,<__main__.SmallCactus object at 0x7f9ba681c5b0>
K_DOWN,60,83,13,<__main__.Bird object at 0x7f9ba681c370>,866,38,<__main__.SmallCactus object at 0x7f9ba681c5b0>
K_DOWN,47,83,13,<__main__.Bird object at 0x7f9ba681c370>,853,38,<__main__.SmallCactus object at 0x7f9ba681c5b0>
K_DOWN,34,83,13,<__main__.Bird object at 0x7f9ba681c370>,840,38,<__main__.SmallCactus object at 0x7f9ba681c5b0>
K_DOWN,21,83,13,<__main__.Bird object at 0x7f9ba681c370>,827,38,<__main__.SmallCactus object at 0x7f9ba681c5b0>
K_DOWN,8,83,13,<__main__.Bird object at 0x7f9ba681c370>,814,38,<__main__.SmallCactus object at 0x7f9ba681c5b0>
K_DOWN,-5,83,13,<__main__.Bird object at 0x7f9ba681c370>,801,38,<__main__.SmallCactus object at 0x7f9ba681c5b0>
K_DOWN,-18,83,13,<__main__.Bird object at 0x7f9ba681c370>,788,38,<__main__.SmallCactus object at 0x7f9ba681c5b0>
K_DOWN,-31,83,13,<__main__.Bird object at 0x7f9ba681c370>,775,38,<__main__.SmallCactus object at 0x7f9ba681c5b0>
K_DOWN,-44,83,13,<__main__.Bird object at 0x7f9ba681c370>,762,38,<__main__.SmallCactus object at 0x7f9ba681c5b0>
K_UP,229,38,13,<__main__.SmallCactus object at 0x7f9ba681c5b0>,2000,0,2
K_UP,216,38,13,<__main__.SmallCactus object at 0x7f9ba681c5b0>,2000,0,2
K_UP,203,38,13,<__main__.SmallCactus object at 0x7f9ba681c5b0>,2000,0,2
K_UP,190,38,13,<__main__.SmallCactus object at 0x7f9ba681c5b0>,2000,0,2
K_UP,177,38,13,<__main__.SmallCactus object at 0x7f9ba681c5b0>,2000,0,2
K_UP,164,38,13,<__main__.SmallCactus object at 0x7f9ba681c5b0>,2000,0,2
K_UP,268,38,13,<__main__.SmallCactus object at 0x7f9ba681c640>,736,58,<__main__.LargeCactus object at 0x7f9ba681c6d0>
K_UP,255,38,13,<__main__.SmallCactus object at 0x7f9ba681c640>,723,58,<__main__.LargeCactus object at 0x7f9ba681c6d0>
K_UP,242,38,13,<__main__.SmallCactus object at 0x7f9ba681c640>,710,58,<__main__.LargeCactus object at 0x7f9ba681c6d0>
K_UP,229,38,13,<__main__.SmallCactus object at 0x7f9ba681c640>,697,58,<__main__.LargeCactus object at 0x7f9ba681c6d0>
K_UP,216,38,13,<__main__.SmallCactus object at 0x7f9ba681c640>,684,58,<__main__.LargeCactus object at 0x7f9ba681c6d0>
K_UP,203,38,13,<__main__.SmallCactus object at 0x7f9ba681c640>,671,58,<__main__.LargeCactus object at 0x7f9ba681c6d0>
K_UP,190,38,13,<__main__.SmallCactus object at 0x7f9ba681c640>,658,58,<__main__.LargeCactus object at 0x7f9ba681c6d0>
K_UP,177,38,13,<__main__.SmallCactus object at 0x7f9ba681c640>,645,58,<__main__.LargeCactus object at 0x7f9ba681c6d0>
K_UP,281,58,13,<__main__.LargeCactus object at 0x7f9ba681c6d0>,2000,0,2
K_UP,268,58,13,<__main__.LargeCactus object at 0x7f9ba681c6d0>,2000,0,2
K_UP,255,58,13,<__main__.LargeCactus object at 0x7f9ba681c6d0>,2000,0,2
K_UP,242,58,13,<__main__.LargeCactus object at 0x7f9ba681c6d0>,2000,0,2
K_UP,229,58,13,<__main__.LargeCactus object at 0x7f9ba681c6d0>,2000,0,2
K_UP,216,58,13,<__main__.LargeCactus object at 0x7f9ba681c6d0>,2000,0,2
K_UP,203,58,13,<__main__.LargeCactus object at 0x7f9ba681c6d0>,2000,0,2
K_UP,276,58,14,<__main__.LargeCactus object at 0x7f9ba681c520>,2000,0,2
K_UP,262,58,14,<__main__.LargeCactus object at 0x7f9ba681c520>,2000,0,2
K_UP,248,58,14,<__main__.LargeCactus object at 0x7f9ba681c520>,2000,0,2
K_UP,234,58,14,<__main__.LargeCactus object at 0x7f9ba681c520>,2000,0,2
K_UP,220,58,14,<__main__.LargeCactus object at 0x7f9ba681c520>,2000,0,2
K_UP,206,58,14,<__main__.LargeCactus object at 0x7f9ba681c520>,1086,38,<__main__.SmallCactus object at 0x7f9ba681c760>
K_UP,192,58,14,<__main__.LargeCactus object at 0x7f9ba681c520>,1072,38,<__main__.SmallCactus object at 0x7f9ba681c760>
K_UP,358,38,14,<__main__.SmallCactus object at 0x7f9ba681c760>,1016,83,<__main__.Bird object at 0x7f9ba681c7f0>
K_UP,344,38,14,<__main__.SmallCactus object at 0x7f9ba681c760>,1002,83,<__main__.Bird object at 0x7f9ba681c7f0>
K_UP,330,38,14,<__main__.SmallCactus object at 0x7f9ba681c760>,988,83,<__main__.Bird object at 0x7f9ba681c7f0>
K_UP,316,38,14,<__main__.SmallCactus object at 0x7f9ba681c760>,974,83,<__main__.Bird object at 0x7f9ba681c7f0>
K_UP,302,38,14,<__main__.SmallCactus object at 0x7f9ba681c760>,960,83,<__main__.Bird object at 0x7f9ba681c7f0>
K_UP,288,38,14,<__main__.SmallCactus object at 0x7f9ba681c760>,946,83,<__main__.Bird object at 0x7f9ba681c7f0>
K_UP,274,38,14,<__main__.SmallCactus object at 0x7f9ba681c760>,932,83,<__main__.Bird object at 0x7f9ba681c7f0>
K_UP,260,38,14,<__main__.SmallCactus object at 0x7f9ba681c760>,918,83,<__main__.Bird object at 0x7f9ba681c7f0>
K_UP,246,38,14,<__main__.SmallCactus object at 0x7f9ba681c760>,904,83,<__main__.Bird object at 0x7f9ba681c7f0>
K_UP,232,38,14,<__main__.SmallCactus object at 0x7f9ba681c760>,890,83,<__main__.Bird object at 0x7f9ba681c7f0>
K_DOWN,400,83,14,<__main__.Bird object at 0x7f9ba681c7f0>,946,58,<__main__.LargeCactus object at 0x7f9ba681c880>
K_DOWN,386,83,14,<__main__.Bird object at 0x7f9ba681c7f0>,932,58,<__main__.LargeCactus object at 0x7f9ba681c880>
K_DOWN,372,83,14,<__main__.Bird object at 0x7f9ba681c7f0>,918,58,<__main__.LargeCactus object at 0x7f9ba681c880>
K_DOWN,358,83,14,<__main__.Bird object at 0x7f9ba681c7f0>,904,58,<__main__.LargeCactus object at 0x7f9ba681c880>
K_DOWN,344,83,14,<__main__.Bird object at 0x7f9ba681c7f0>,890,58,<__main__.LargeCactus object at 0x7f9ba681c880>
K_DOWN,330,83,14,<__main__.Bird object at 0x7f9ba681c7f0>,876,58,<__main__.LargeCactus object at 0x7f9ba681c880>
K_DOWN,316,83,14,<__main__.Bird object at 0x7f9ba681c7f0>,862,58,<__main__.LargeCactus object at 0x7f9ba681c880>
K_DOWN,302,83,14,<__main__.Bird object at 0x7f9ba681c7f0>,848,58,<__main__.LargeCactus object at 0x7f9ba681c880>
K_DOWN,288,83,14,<__main__.Bird object at 0x7f9ba681c7f0>,834,58,<__main__.LargeCactus object at 0x7f9ba681c880>
K_DOWN,274,83,14,<__main__.Bird object at 0x7f9ba681c7f0>,820,58,<__main__.LargeCactus object at 0x7f9ba681c880>
K_DOWN,260,83,14,<__main__.Bird object at 0x7f9ba681c7f0>,806,58,<__main__.LargeCactus object at 0x7f9ba681c880>
K_DOWN,246,83,14,<__main__.Bird object at 0x7f9ba681c7f0>,792,58,<__main__.LargeCactus object at 0x7f9ba681c880>
K_DOWN,232,83,14,<__main__.Bird object at 0x7f9ba681c7f0>,778,58,<__main__.LargeCactus object at 0x7f9ba681c880>
K_DOWN,218,83,14,<__main__.Bird object at 0x7f9ba681c7f0>,764,58,<__main__.LargeCactus object at 0x7f9ba681c880>
K_DOWN,204,83,14,<__main__.Bird object at 0x7f9ba681c7f0>,750,58,<__main__.LargeCactus object at 0x7f9ba681c880>
K_DOWN,190,83,14,<__main__.Bird object at 0x7f9ba681c7f0>,736,58,<__main__.LargeCactus object at 0x7f9ba681c880>
K_DOWN,176,83,14,<__main__.Bird object at 0x7f9ba681c7f0>,722,58,<__main__.LargeCactus object at 0x7f9ba681c880>
K_DOWN,162,83,14,<__main__.Bird object at 0x7f9ba681c7f0>,708,58,<__main__.LargeCactus object at 0x7f9ba681c880>
K_DOWN,148,83,14,<__main__.Bird object at 0x7f9ba681c7f0>,694,58,<__main__.LargeCactus object at 0x7f9ba681c880>
K_DOWN,134,83,14,<__main__.Bird object at 0x7f9ba681c7f0>,680,58,<__main__.LargeCactus object at 0x7f9ba681c880>
K_DOWN,120,83,14,<__main__.Bird object at 0x7f9ba681c7f0>,666,58,<__main__.LargeCactus object at 0x7f9ba681c880>
K_DOWN,106,83,14,<__main__.Bird object at 0x7f9ba681c7f0>,652,58,<__main__.LargeCactus object at 0x7f9ba681c880>
K_DOWN,92,83,14,<__main__.Bird object at 0x7f9ba681c7f0>,2000,0,2
K_DOWN,78,83,14,<__main__.Bird object at 0x7f9ba681c7f0>,2000,0,2
K_DOWN,64,83,14,<__main__.Bird object at 0x7f9ba681c7f0>,2000,0,2
K_DOWN,50,83,14,<__main__.Bird object at 0x7f9ba681c7f0>,2000,0,2
K_UP,302,58,14,<__main__.LargeCactus object at 0x7f9ba681c880>,750,83,<__main__.Bird object at 0x7f9ba681c910>
K_UP,288,58,14,<__main__.LargeCactus object at 0x7f9ba681c880>,736,83,<__main__.Bird object at 0x7f9ba681c910>
K_UP,274,58,14,<__main__.LargeCactus object at 0x7f9ba681c880>,722,83,<__main__.Bird object at 0x7f9ba681c910>
K_UP,260,58,14,<__main__.LargeCactus object at 0x7f9ba681c880>,708,83,<__main__.Bird object at 0x7f9ba681c910>
K_UP,246,58,14,<__main__.LargeCactus object at 0x7f9ba681c880>,694,83,<__main__.Bird object at 0x7f9ba681c910>
K_UP,232,58,14,<__main__.LargeCactus object at 0x7f9ba681c880>,680,83,<__main__.Bird object at 0x7f9ba681c910>
K_UP,218,58,14,<__main__.LargeCactus object at 0x7f9ba681c880>,666,83,<__main__.Bird object at 0x7f9ba681c910>
K_UP,204,58,14,<__main__.LargeCactus object at 0x7f9ba681c880>,652,83,<__main__.Bird object at 0x7f9ba681c910>
K_UP,190,58,14,<__main__.LargeCactus object at 0x7f9ba681c880>,638,83,<__main__.Bird object at 0x7f9ba681c910>
K_DOWN,358,83,14,<__main__.Bird object at 0x7f9ba681c910>,2000,0,2
K_DOWN,344,83,14,<__main__.Bird object at 0x7f9ba681c910>,2000,0,2
K_DOWN,330,83,14,<__main__.Bird object at 0x7f9ba681c910>,2000,0,2
K_DOWN,316,83,14,<__main__.Bird object at 0x7f9ba681c910>,2000,0,2
K_DOWN,302,83,14,<__main__.Bird object at 0x7f9ba681c910>,2000,0,2
K_DOWN,288,83,14,<__main__.Bird object at 0x7f9ba681c910>,2000,0,2
K_DOWN,274,83,14,<__main__.Bird object at 0x7f9ba681c910>,2000,0,2
K_DOWN,260,83,14,<__main__.Bird object at 0x7f9ba681c910>,2000,0,2
K_DOWN,246,83,14,<__main__.Bird object at 0x7f9ba681c910>,2000,0,2
K_DOWN,232,83,14,<__main__.Bird object at 0x7f9ba681c910>,2000,0,2
K_DOWN,218,83,14,<__main__.Bird object at 0x7f9ba681c910>,2000,0,2
K_DOWN,204,83,14,<__main__.Bird object at 0x7f9ba681c910>,2000,0,2
K_DOWN,190,83,14,<__main__.Bird object at 0x7f9ba681c910>,2000,0,2
K_DOWN,176,83,14,<__main__.Bird object at 0x7f9ba681c910>,2000,0,2
K_DOWN,162,83,14,<__main__.Bird object at 0x7f9ba681c910>,2000,0,2
K_DOWN,148,83,14,<__main__.Bird object at 0x7f9ba681c910>,2000,0,2
K_DOWN,134,83,14,<__main__.Bird object at 0x7f9ba681c910>,2000,0,2
K_DOWN,120,83,14,<__main__.Bird object at 0x7f9ba681c910>,2000,0,2
K_DOWN,106,83,14,<__main__.Bird object at 0x7f9ba681c910>,2000,0,2
K_DOWN,92,83,14,<__main__.Bird object at 0x7f9ba681c910>,2000,0,2
K_DOWN,78,83,14,<__main__.Bird object at 0x7f9ba681c910>,1086,58,<__main__.LargeCactus object at 0x7f9ba681ca30>
K_DOWN,64,83,14,<__main__.Bird object at 0x7f9ba681c910>,1072,58,<__main__.LargeCactus object at 0x7f9ba681ca30>
K_DOWN,50,83,14,<__main__.Bird object at 0x7f9ba681c910>,1058,58,<__main__.LargeCactus object at 0x7f9ba681ca30>
K_DOWN,36,83,14,<__main__.Bird object at 0x7f9ba681c910>,1044,58,<__main__.LargeCactus object at 0x7f9ba681ca30>
K_DOWN,22,83,14,<__main__.Bird object at 0x7f9ba681c910>,1030,58,<__main__.LargeCactus object at 0x7f9ba681ca30>
K_DOWN,8,83,14,<__main__.Bird object at 0x7f9ba681c910>,1016,58,<__main__.LargeCactus object at 0x7f9ba681ca30>
K_DOWN,-6,83,14,<__main__.Bird object at 0x7f9ba681c910>,1002,58,<__main__.LargeCactus object at 0x7f9ba681ca30>
K_DOWN,-20,83,14,<__main__.Bird object at 0x7f9ba681c910>,988,58,<__main__.LargeCactus object at 0x7f9ba681ca30>
K_DOWN,-34,83,14,<__main__.Bird object at 0x7f9ba681c910>,974,58,<__main__.LargeCactus object at 0x7f9ba681ca30>
K_DOWN,-48,83,14,<__main__.Bird object at 0x7f9ba681c910>,960,58,<__main__.LargeCactus object at 0x7f9ba681ca30>
K_DOWN,-62,83,14,<__main__.Bird object at 0x7f9ba681c910>,946,58,<__main__.LargeCactus object at 0x7f9ba681ca30>
K_UP,330,58,14,<__main__.LargeCactus object at 0x7f9ba681ca30>,2000,0,2
K_UP,316,58,14,<__main__.LargeCactus object at 0x7f9ba681ca30>,2000,0,2
K_UP,302,58,14,<__main__.LargeCactus object at 0x7f9ba681ca30>,1086,83,<__main__.Bird object at 0x7f9ba681cac0>
K_UP,288,58,14,<__main__.LargeCactus object at 0x7f9ba681ca30>,1072,83,<__main__.Bird object at 0x7f9ba681cac0>
K_UP,274,58,14,<__main__.LargeCactus object at 0x7f9ba681ca30>,1058,83,<__main__.Bird object at 0x7f9ba681cac0>
K_UP,260,58,14,<__main__.LargeCactus object at 0x7f9ba681ca30>,1044,83,<__main__.Bird object at 0x7f9ba681cac0>
K_UP,246,58,14,<__main__.LargeCactus object at 0x7f9ba681ca30>,1030,83,<__main__.Bird object at 0x7f9ba681cac0>
K_UP,232,58,14,<__main__.LargeCactus object at 0x7f9ba681ca30>,1016,83,<__main__.Bird object at 0x7f9ba681cac0>
K_UP,218,58,14,<__main__.LargeCactus object at 0x7f9ba681ca30>,1002,83,<__main__.Bird object at 0x7f9ba681cac0>
K_UP,204,58,14,<__main__.LargeCactus object at 0x7f9ba681ca30>,988,83,<__main__.Bird object at 0x7f9ba681cac0>
K_UP,190,58,14,<__main__.LargeCactus object at 0x7f9ba681ca30>,974,83,<__main__.Bird object at 0x7f9ba681cac0>
K_DOWN,358,83,14,<__main__.Bird object at 0x7f9ba681cac0>,890,38,<__main__.SmallCactus object at 0x7f9ba681c9a0>
K_DOWN,344,83,14,<__main__.Bird object at 0x7f9ba681cac0>,876,38,<__main__.SmallCactus object at 0x7f9ba681c9a0>
K_DOWN,330,83,14,<__main__.Bird object at 0x7f9ba681cac0>,862,38,<__main__.SmallCactus object at 0x7f9ba681c9a0>
K_DOWN,316,83,14,<__main__.Bird object at 0x7f9ba681cac0>,848,38,<__main__.SmallCactus object at 0x7f9ba681c9a0>
K_DOWN,302,83,14,<__main__.Bird object at 0x7f9ba681cac0>,834,38,<__main__.SmallCactus object at 0x7f9ba681c9a0>
K_DOWN,288,83,14,<__main__.Bird object at 0x7f9ba681cac0>,820,38,<__main__.SmallCactus object at 0x7f9ba681c9a0>
K_DOWN,274,83,14,<__main__.Bird object at 0x7f9ba681cac0>,806,38,<__main__.SmallCactus object at 0x7f9ba681c9a0>
K_DOWN,260,83,14,<__main__.Bird object at 0x7f9ba681cac0>,792,38,<__main__.SmallCactus object at 0x7f9ba681c9a0>
K_DOWN,246,83,14,<__main__.Bird object at 0x7f9ba681cac0>,778,38,<__main__.SmallCactus object at 0x7f9ba681c9a0>
K_DOWN,232,83,14,<__main__.Bird object at 0x7f9ba681cac0>,764,38,<__main__.SmallCactus object at 0x7f9ba681c9a0>
K_DOWN,218,83,14,<__main__.Bird object at 0x7f9ba681cac0>,750,38,<__main__.SmallCactus object at 0x7f9ba681c9a0>
K_DOWN,204,83,14,<__main__.Bird object at 0x7f9ba681cac0>,736,38,<__main__.SmallCactus object at 0x7f9ba681c9a0>
K_DOWN,190,83,14,<__main__.Bird object at 0x7f9ba681cac0>,722,38,<__main__.SmallCactus object at 0x7f9ba681c9a0>
K_DOWN,176,83,14,<__main__.Bird object at 0x7f9ba681cac0>,708,38,<__main__.SmallCactus object at 0x7f9ba681c9a0>
K_DOWN,162,83,14,<__main__.Bird object at 0x7f9ba681cac0>,694,38,<__main__.SmallCactus object at 0x7f9ba681c9a0>
K_DOWN,148,83,14,<__main__.Bird object at 0x7f9ba681cac0>,680,38,<__main__.SmallCactus object at 0x7f9ba681c9a0>
K_DOWN,134,83,14,<__main__.Bird object at 0x7f9ba681cac0>,666,38,<__main__.SmallCactus object at 0x7f9ba681c9a0>
K_DOWN,120,83,14,<__main__.Bird object at 0x7f9ba681cac0>,652,38,<__main__.SmallCactus object at 0x7f9ba681c9a0>
K_DOWN,106,83,14,<__main__.Bird object at 0x7f9ba681cac0>,638,38,<__main__.SmallCactus object at 0x7f9ba681c9a0>
K_DOWN,92,83,14,<__main__.Bird object at 0x7f9ba681cac0>,624,38,<__main__.SmallCactus object at 0x7f9ba681c9a0>
K_DOWN,78,83,14,<__main__.Bird object at 0x7f9ba681cac0>,610,38,<__main__.SmallCactus object at 0x7f9ba681c9a0>
K_DOWN,64,83,14,<__main__.Bird object at 0x7f9ba681cac0>,596,38,<__main__.SmallCactus object at 0x7f9ba681c9a0>
K_DOWN,50,83,14,<__main__.Bird object at 0x7f9ba681cac0>,582,38,<__main__.SmallCactus object at 0x7f9ba681c9a0>
K_DOWN,36,83,14,<__main__.Bird object at 0x7f9ba681cac0>,568,38,<__main__.SmallCactus object at 0x7f9ba681c9a0>
K_DOWN,22,83,14,<__main__.Bird object at 0x7f9ba681cac0>,554,38,<__main__.SmallCactus object at 0x7f9ba681c9a0>
K_DOWN,8,83,14,<__main__.Bird object at 0x7f9ba681cac0>,540,38,<__main__.SmallCactus object at 0x7f9ba681c9a0>
K_DOWN,-6,83,14,<__main__.Bird object at 0x7f9ba681cac0>,526,38,<__main__.SmallCactus object at 0x7f9ba681c9a0>
K_DOWN,-20,83,14,<__main__.Bird object at 0x7f9ba681cac0>,512,38,<__main__.SmallCactus object at 0x7f9ba681c9a0>
K_DOWN,-34,83,14,<__main__.Bird object at 0x7f9ba681cac0>,498,38,<__main__.SmallCactus object at 0x7f9ba681c9a0>
K_DOWN,-48,83,14,<__main__.Bird object at 0x7f9ba681cac0>,484,38,<__main__.SmallCactus object at 0x7f9ba681c9a0>
K_DOWN,-62,83,14,<__main__.Bird object at 0x7f9ba681cac0>,470,38,<__main__.SmallCactus object at 0x7f9ba681c9a0>
K_UP,274,38,14,<__main__.SmallCactus object at 0x7f9ba681c9a0>,2000,0,2
K_UP,260,38,14,<__main__.SmallCactus object at 0x7f9ba681c9a0>,2000,0,2
K_UP,246,38,14,<__main__.SmallCactus object at 0x7f9ba681c9a0>,2000,0,2
K_UP,232,38,14,<__main__.SmallCactus object at 0x7f9ba681c9a0>,2000,0,2
K_UP,218,38,14,<__main__.SmallCactus object at 0x7f9ba681c9a0>,2000,0,2
K_UP,204,38,14,<__main__.SmallCactus object at 0x7f9ba681c9a0>,2000,0,2
K_UP,190,38,14,<__main__.SmallCactus object at 0x7f9ba681c9a0>,2000,0,2
K_UP,176,38,14,<__main__.SmallCactus object at 0x7f9ba681c9a0>,2000,0,2
K_UP,162,38,14,<__main__.SmallCactus object at 0x7f9ba681c9a0>,1086,83,<__main__.Bird object at 0x7f9ba681cbe0>
K_UP,148,38,14,<__main__.SmallCactus object at 0x7f9ba681c9a0>,1072,83,<__main__.Bird object at 0x7f9ba681cbe0>
K_UP,134,38,14,<__main__.SmallCactus object at 0x7f9ba681c9a0>,1058,83,<__main__.Bird object at 0x7f9ba681cbe0>
K_DOWN,288,83,15,<__main__.Bird object at 0x7f9ba681cbe0>,800,38,<__main__.SmallCactus object at 0x7f9ba681cb50>
K_DOWN,273,83,15,<__main__.Bird object at 0x7f9ba681cbe0>,785,38,<__main__.SmallCactus object at 0x7f9ba681cb50>
K_DOWN,258,83,15,<__main__.Bird object at 0x7f9ba681cbe0>,770,38,<__main__.SmallCactus object at 0x7f9ba681cb50>
K_DOWN,243,83,15,<__main__.Bird object at 0x7f9ba681cbe0>,755,38,<__main__.SmallCactus object at 0x7f9ba681cb50>
K_DOWN,228,83,15,<__main__.Bird object at 0x7f9ba681cbe0>,740,38,<__main__.SmallCactus object at 0x7f9ba681cb50>
K_DOWN,213,83,15,<__main__.Bird object at 0x7f9ba681cbe0>,725,38,<__main__.SmallCactus object at 0x7f9ba681cb50>
K_DOWN,198,83,15,<__main__.Bird object at 0x7f9ba681cbe0>,710,38,<__main__.SmallCactus object at 0x7f9ba681cb50>
K_DOWN,183,83,15,<__main__.Bird object at 0x7f9ba681cbe0>,695,38,<__main__.SmallCactus object at 0x7f9ba681cb50>
K_DOWN,168,83,15,<__main__.Bird object at 0x7f9ba681cbe0>,680,38,<__main__.SmallCactus object at 0x7f9ba681cb50>
K_DOWN,153,83,15,<__main__.Bird object at 0x7f9ba681cbe0>,665,38,<__main__.SmallCactus object at 0x7f9ba681cb50>
K_DOWN,138,83,15,<__main__.Bird object at 0x7f9ba681cbe0>,650,38,<__main__.SmallCactus object at 0x7f9ba681cb50>
K_DOWN,123,83,15,<__main__.Bird object at 0x7f9ba681cbe0>,635,38,<__main__.SmallCactus object at 0x7f9ba681cb50>
K_DOWN,108,83,15,<__main__.Bird object at 0x7f9ba681cbe0>,620,38,<__main__.SmallCactus object at 0x7f9ba681cb50>
K_DOWN,93,83,15,<__main__.Bird object at 0x7f9ba681cbe0>,605,38,<__main__.SmallCactus object at 0x7f9ba681cb50>
K_DOWN,78,83,15,<__main__.Bird object at 0x7f9ba681cbe0>,590,38,<__main__.SmallCactus object at 0x7f9ba681cb50>
K_DOWN,63,83,15,<__main__.Bird object at 0x7f9ba681cbe0>,575,38,<__main__.SmallCactus object at 0x7f9ba681cb50>
K_DOWN,48,83,15,<__main__.Bird object at 0x7f9ba681cbe0>,560,38,<__main__.SmallCactus object at 0x7f9ba681cb50>
K_DOWN,33,83,15,<__main__.Bird object at 0x7f9ba681cbe0>,545,38,<__main__.SmallCactus object at 0x7f9ba681cb50>
K_DOWN,18,83,15,<__main__.Bird object at 0x7f9ba681cbe0>,530,38,<__main__.SmallCactus object at 0x7f9ba681cb50>
K_UP,260,38,15,<__main__.SmallCactus object at 0x7f9ba681cb50>,980,38,<__main__.SmallCactus object at 0x7f9ba681cd00>
K_UP,245,38,15,<__main__.SmallCactus object at 0x7f9ba681cb50>,965,38,<__main__.SmallCactus object at 0x7f9ba681cd00>
K_UP,230,38,15,<__main__.SmallCactus object at 0x7f9ba681cb50>,950,38,<__main__.SmallCactus object at 0x7f9ba681cd00>
K_UP,215,38,15,<__main__.SmallCactus object at 0x7f9ba681cb50>,935,38,<__main__.SmallCactus object at 0x7f9ba681cd00>
K_UP,200,38,15,<__main__.SmallCactus object at 0x7f9ba681cb50>,920,38,<__main__.SmallCactus object at 0x7f9ba681cd00>
K_UP,185,38,15,<__main__.SmallCactus object at 0x7f9ba681cb50>,905,38,<__main__.SmallCactus object at 0x7f9ba681cd00>
K_UP,170,38,15,<__main__.SmallCactus object at 0x7f9ba681cb50>,890,38,<__main__.SmallCactus object at 0x7f9ba681cd00>
K_UP,155,38,15,<__main__.SmallCactus object at 0x7f9ba681cb50>,875,38,<__main__.SmallCactus object at 0x7f9ba681cd00>
K_UP,140,38,15,<__main__.SmallCactus object at 0x7f9ba681cb50>,860,38,<__main__.SmallCactus object at 0x7f9ba681cd00>
K_UP,305,38,15,<__main__.SmallCactus object at 0x7f9ba681cd00>,1025,58,<__main__.LargeCactus object at 0x7f9ba681cc70>
K_UP,290,38,15,<__main__.SmallCactus object at 0x7f9ba681cd00>,1010,58,<__main__.LargeCactus object at 0x7f9ba681cc70>
K_UP,275,38,15,<__main__.SmallCactus object at 0x7f9ba681cd00>,995,58,<__main__.LargeCactus object at 0x7f9ba681cc70>
K_UP,260,38,15,<__main__.SmallCactus object at 0x7f9ba681cd00>,980,58,<__main__.LargeCactus object at 0x7f9ba681cc70>
K_UP,245,38,15,<__main__.SmallCactus object at 0x7f9ba681cd00>,965,58,<__main__.LargeCactus object at 0x7f9ba681cc70>
K_UP,230,38,15,<__main__.SmallCactus object at 0x7f9ba681cd00>,950,58,<__main__.LargeCactus object at 0x7f9ba681cc70>
K_UP,215,38,15,<__main__.SmallCactus object at 0x7f9ba681cd00>,935,58,<__main__.LargeCactus object at 0x7f9ba681cc70>
K_UP,200,38,15,<__main__.SmallCactus object at 0x7f9ba681cd00>,920,58,<__main__.LargeCactus object at 0x7f9ba681cc70>
K_UP,350,58,15,<__main__.LargeCactus object at 0x7f9ba681cc70>,875,58,<__main__.LargeCactus object at 0x7f9ba681ce20>
K_UP,335,58,15,<__main__.LargeCactus object at 0x7f9ba681cc70>,860,58,<__main__.LargeCactus object at 0x7f9ba681ce20>
K_UP,320,58,15,<__main__.LargeCactus object at 0x7f9ba681cc70>,845,58,<__main__.LargeCactus object at 0x7f9ba681ce20>
K_UP,305,58,15,<__main__.LargeCactus object at 0x7f9ba681cc70>,830,58,<__main__.LargeCactus object at 0x7f9ba681ce20>
K_UP,290,58,15,<__main__.LargeCactus object at 0x7f9ba681cc70>,815,58,<__main__.LargeCactus object at 0x7f9ba681ce20>
K_UP,275,58,15,<__main__.LargeCactus object at 0x7f9ba681cc70>,800,58,<__main__.LargeCactus object at 0x7f9ba681ce20>
K_UP,260,58,15,<__main__.LargeCactus object at 0x7f9ba681cc70>,785,58,<__main__.LargeCactus object at 0x7f9ba681ce20>
K_UP,245,58,15,<__main__.LargeCactus object at 0x7f9ba681cc70>,770,58,<__main__.LargeCactus object at 0x7f9ba681ce20>
K_UP,230,58,15,<__main__.LargeCactus object at 0x7f9ba681cc70>,755,58,<__main__.LargeCactus object at 0x7f9ba681ce20>
K_UP,335,58,15,<__main__.LargeCactus object at 0x7f9ba681ce20>,2000,0,2
K_UP,320,58,15,<__main__.LargeCactus object at 0x7f9ba681ce20>,2000,0,2
K_UP,305,58,15,<__main__.LargeCactus object at 0x7f9ba681ce20>,2000,0,2
K_UP,290,58,15,<__main__.LargeCactus object at 0x7f9ba681ce20>,2000,0,2
K_UP,275,58,15,<__main__.LargeCactus object at 0x7f9ba681ce20>,2000,0,2
K_UP,260,58,15,<__main__.LargeCactus object at 0x7f9ba681ce20>,2000,0,2
K_UP,245,58,15,<__main__.LargeCactus object at 0x7f9ba681ce20>,2000,0,2
K_UP,335,58,15,<__main__.LargeCactus object at 0x7f9ba681cd90>,965,58,<__main__.LargeCactus object at 0x7f9ba681cf40>
K_UP,320,58,15,<__main__.LargeCactus object at 0x7f9ba681cd90>,950,58,<__main__.LargeCactus object at 0x7f9ba681cf40>
K_UP,305,58,15,<__main__.LargeCactus object at 0x7f9ba681cd90>,935,58,<__main__.LargeCactus object at 0x7f9ba681cf40>
K_UP,290,58,15,<__main__.LargeCactus object at 0x7f9ba681cd90>,920,58,<__main__.LargeCactus object at 0x7f9ba681cf40>
K_UP,275,58,15,<__main__.LargeCactus object at 0x7f9ba681cd90>,905,58,<__main__.LargeCactus object at 0x7f9ba681cf40>
K_UP,260,58,15,<__main__.LargeCactus object at 0x7f9ba681cd90>,890,58,<__main__.LargeCactus object at 0x7f9ba681cf40>
K_UP,245,58,15,<__main__.LargeCactus object at 0x7f9ba681cd90>,875,58,<__main__.LargeCactus object at 0x7f9ba681cf40>
K_UP,230,58,15,<__main__.LargeCactus object at 0x7f9ba681cd90>,860,58,<__main__.LargeCactus object at 0x7f9ba681cf40>
K_UP,215,58,15,<__main__.LargeCactus object at 0x7f9ba681cd90>,845,58,<__main__.LargeCactus object at 0x7f9ba681cf40>
K_UP,275,58,15,<__main__.LargeCactus object at 0x7f9ba681cf40>,1025,38,<__main__.SmallCactus object at 0x7f9ba681ceb0>
K_UP,260,58,15,<__main__.LargeCactus object at 0x7f9ba681cf40>,1010,38,<__main__.SmallCactus object at 0x7f9ba681ceb0>
K_UP,245,58,15,<__main__.LargeCactus object at 0x7f9ba681cf40>,995,38,<__main__.SmallCactus object at 0x7f9ba681ceb0>
K_UP,230,58,15,<__main__.LargeCactus object at 0x7f9ba681cf40>,980,38,<__main__.SmallCactus object at 0x7f9ba681ceb0>
K_UP,215,58,15,<__main__.LargeCactus object at 0x7f9ba681cf40>,965,38,<__main__.SmallCactus object at 0x7f9ba681ceb0>
K_UP,200,58,15,<__main__.LargeCactus object at 0x7f9ba681cf40>,950,38,<__main__.SmallCactus object at 0x7f9ba681ceb0>
K_UP,185,58,15,<__main__.LargeCactus object at 0x7f9ba681cf40>,935,38,<__main__.SmallCactus object at 0x7f9ba681ceb0>
K_UP,170,58,15,<__main__.LargeCactus object at 0x7f9ba681cf40>,920,38,<__main__.SmallCactus object at 0x7f9ba681ceb0>
K_UP,155,58,15,<__main__.LargeCactus object at 0x7f9ba681cf40>,905,38,<__main__.SmallCactus object at 0x7f9ba681ceb0>
K_UP,365,38,15,<__main__.SmallCactus object at 0x7f9ba681ceb0>,2000,0,2
K_UP,350,38,15,<__main__.SmallCactus object at 0x7f9ba681ceb0>,2000,0,2
K_UP,335,38,15,<__main__.SmallCactus object at 0x7f9ba681ceb0>,2000,0,2
K_UP,320,38,15,<__main__.SmallCactus object at 0x7f9ba681ceb0>,2000,0,2
K_UP,305,38,15,<__main__.SmallCactus object at 0x7f9ba681ceb0>,2000,0,2
K_UP,290,38,15,<__main__.SmallCactus object at 0x7f9ba681ceb0>,2000,0,2
K_UP,275,38,15,<__main__.SmallCactus object at 0x7f9ba681ceb0>,2000,0,2
K_UP,260,38,15,<__main__.SmallCactus object at 0x7f9ba681ceb0>,2000,0,2
K_UP,245,38,15,<__main__.SmallCactus object at 0x7f9ba681ceb0>,2000,0,2
K_UP,297,38,16,<__main__.SmallCactus object at 0x7f9ba681cfd0>,2000,0,2
K_UP,281,38,16,<__main__.SmallCactus object at 0x7f9ba681cfd0>,2000,0,2
K_UP,265,38,16,<__main__.SmallCactus object at 0x7f9ba681cfd0>,2000,0,2
K_UP,249,38,16,<__main__.SmallCactus object at 0x7f9ba681cfd0>,2000,0,2
K_UP,233,38,16,<__main__.SmallCactus object at 0x7f9ba681cfd0>,2000,0,2
K_UP,217,38,16,<__main__.SmallCactus object at 0x7f9ba681cfd0>,2000,0,2
K_UP,201,38,16,<__main__.SmallCactus object at 0x7f9ba681cfd0>,2000,0,2
K_UP,185,38,16,<__main__.SmallCactus object at 0x7f9ba681cfd0>,2000,0,2
K_UP,169,38,16,<__main__.SmallCactus object at 0x7f9ba681cfd0>,2000,0,2
K_UP,348,38,16,<__main__.SmallCactus object at 0x7f9ba682a0a0>,2000,0,2
K_UP,332,38,16,<__main__.SmallCactus object at 0x7f9ba682a0a0>,2000,0,2
K_UP,316,38,16,<__main__.SmallCactus object at 0x7f9ba682a0a0>,2000,0,2
K_UP,300,38,16,<__main__.SmallCactus object at 0x7f9ba682a0a0>,2000,0,2
K_UP,284,38,16,<__main__.SmallCactus object at 0x7f9ba682a0a0>,2000,0,2
K_UP,268,38,16,<__main__.SmallCactus object at 0x7f9ba682a0a0>,2000,0,2
K_UP,332,58,16,<__main__.LargeCactus object at 0x7f9ba682a1c0>,2000,0,2
K_UP,316,58,16,<__main__.LargeCactus object at 0x7f9ba682a1c0>,2000,0,2
K_UP,300,58,16,<__main__.LargeCactus object at 0x7f9ba682a1c0>,2000,0,2
K_UP,284,58,16,<__main__.LargeCactus object at 0x7f9ba682a1c0>,2000,0,2
K_UP,268,58,16,<__main__.LargeCactus object at 0x7f9ba682a1c0>,2000,0,2
K_UP,252,58,16,<__main__.LargeCactus object at 0x7f9ba682a1c0>,1084,38,<__main__.SmallCactus object at 0x7f9ba682a130>
K_UP,236,58,16,<__main__.LargeCactus object at 0x7f9ba682a1c0>,1068,38,<__main__.SmallCactus object at 0x7f9ba682a130>
K_UP,220,58,16,<__main__.LargeCactus object at 0x7f9ba682a1c0>,1052,38,<__main__.SmallCactus object at 0x7f9ba682a130>
K_UP,412,38,16,<__main__.SmallCactus object at 0x7f9ba682a130>,1036,83,<__main__.Bird object at 0x7f9ba682a250>
K_UP,396,38,16,<__main__.SmallCactus object at 0x7f9ba682a130>,1020,83,<__main__.Bird object at 0x7f9ba682a250>
K_UP,380,38,16,<__main__.SmallCactus object at 0x7f9ba682a130>,1004,83,<__main__.Bird object at 0x7f9ba682a250>
K_UP,364,38,16,<__main__.SmallCactus object at 0x7f9ba682a130>,988,83,<__main__.Bird object at 0x7f9ba682a250>
K_UP,348,38,16,<__main__.SmallCactus object at 0x7f9ba682a130>,972,83,<__main__.Bird object at 0x7f9ba682a250>
K_UP,332,38,16,<__main__.SmallCactus object at 0x7f9ba682a130>,956,83,<__main__.Bird object at 0x7f9ba682a250>
K_UP,316,38,16,<__main__.SmallCactus object at 0x7f9ba682a130>,940,83,<__main__.Bird object at 0x7f9ba682a250>
K_UP,300,38,16,<__main__.SmallCactus object at 0x7f9ba682a130>,924,83,<__main__.Bird object at 0x7f9ba682a250>
K_UP,284,38,16,<__main__.SmallCactus object at 0x7f9ba682a130>,908,83,<__main__.Bird object at 0x7f9ba682a250>
K_DOWN,412,83,16,<__main__.Bird object at 0x7f9ba682a250>,2000,0,2
K_DOWN,396,83,16,<__main__.Bird object at 0x7f9ba682a250>,2000,0,2
K_DOWN,380,83,16,<__main__.Bird object at 0x7f9ba682a250>,1084,38,<__main__.SmallCactus object at 0x7f9ba682a2e0>
K_DOWN,364,83,16,<__main__.Bird object at 0x7f9ba682a250>,1068,38,<__main__.SmallCactus object at 0x7f9ba682a2e0>
K_DOWN,348,83,16,<__main__.Bird object at 0x7f9ba682a250>,1052,38,<__main__.SmallCactus object at 0x7f9ba682a2e0>
K_DOWN,332,83,16,<__main__.Bird object at 0x7f9ba682a250>,1036,38,<__main__.SmallCactus object at 0x7f9ba682a2e0>
K_DOWN,316,83,16,<__main__.Bird object at 0x7f9ba682a250>,1020,38,<__main__.SmallCactus object at 0x7f9ba682a2e0>
K_DOWN,300,83,16,<__main__.Bird object at 0x7f9ba682a250>,1004,38,<__main__.SmallCactus object at 0x7f9ba682a2e0>
K_DOWN,284,83,16,<__main__.Bird object at 0x7f9ba682a250>,988,38,<__main__.SmallCactus object at 0x7f9ba682a2e0>
K_DOWN,268,83,16,<__main__.Bird object at 0x7f9ba682a250>,972,38,<__main__.SmallCactus object at 0x7f9ba682a2e0>
K_DOWN,252,83,16,<__main__.Bird object at 0x7f9ba682a250>,956,38,<__main__.SmallCactus object at 0x7f9ba682a2e0>
K_DOWN,236,83,16,<__main__.Bird object at 0x7f9ba682a250>,940,38,<__main__.SmallCactus object at 0x7f9ba682a2e0>
K_DOWN,220,83,16,<__main__.Bird object at 0x7f9ba682a250>,924,38,<__main__.SmallCactus object at 0x7f9ba682a2e0>
K_DOWN,204,83,16,<__main__.Bird object at 0x7f9ba682a250>,908,38,<__main__.SmallCactus object at 0x7f9ba682a2e0>
K_DOWN,188,83,16,<__main__.Bird object at 0x7f9ba682a250>,892,38,<__main__.SmallCactus object at 0x7f9ba682a2e0>
K_DOWN,172,83,16,<__main__.Bird object at 0x7f9ba682a250>,876,38,<__main__.SmallCactus object at 0x7f9ba682a2e0>
K_DOWN,156,83,16,<__main__.Bird object at 0x7f9ba682a250>,860,38,<__main__.SmallCactus object at 0x7f9ba682a2e0>
K_DOWN,140,83,16,<__main__.Bird object at 0x7f9ba682a250>,844,38,<__main__.SmallCactus object at 0x7f9ba682a2e0>
K_DOWN,124,83,16,<__main__.Bird object at 0x7f9ba682a250>,828,38,<__main__.SmallCactus object at 0x7f9ba682a2e0>
K_DOWN,108,83,16,<__main__.Bird object at 0x7f9ba682a250>,812,38,<__main__.SmallCactus object at 0x7f9ba682a2e0>
K_DOWN,92,83,16,<__main__.Bird object at 0x7f9ba682a250>,796,38,<__main__.SmallCactus object at 0x7f9ba682a2e0>
K_DOWN,76,83,16,<__main__.Bird object at 0x7f9ba682a250>,780,38,<__main__.SmallCactus object at 0x7f9ba682a2e0>
K_DOWN,60,83,16,<__main__.Bird object at 0x7f9ba682a250>,764,38,<__main__.SmallCactus object at 0x7f9ba682a2e0>
K_DOWN,44,83,16,<__main__.Bird object at 0x7f9ba682a250>,748,38,<__main__.SmallCactus object at 0x7f9ba682a2e0>
K_DOWN,28,83,16,<__main__.Bird object at 0x7f9ba682a250>,732,38,<__main__.SmallCactus object at 0x7f9ba682a2e0>
K_DOWN,12,83,16,<__main__.Bird object at 0x7f9ba682a250>,716,38,<__main__.SmallCactus object at 0x7f9ba682a2e0>
K_DOWN,-4,83,16,<__main__.Bird object at 0x7f9ba682a250>,700,38,<__main__.SmallCactus object at 0x7f9ba682a2e0>
K_DOWN,-20,83,16,<__main__.Bird object at 0x7f9ba682a250>,684,38,<__main__.SmallCactus object at 0x7f9ba682a2e0>
K_DOWN,-36,83,16,<__main__.Bird object at 0x7f9ba682a250>,668,38,<__main__.SmallCactus object at 0x7f9ba682a2e0>
K_DOWN,-52,83,16,<__main__.Bird object at 0x7f9ba682a250>,652,38,<__main__.SmallCactus object at 0x7f9ba682a2e0>
K_DOWN,636,38,16,<__main__.SmallCactus object at 0x7f9ba682a2e0>,2000,0,2
K_DOWN,620,38,16,<__main__.SmallCactus object at 0x7f9ba682a2e0>,2000,0,2
K_UP,348,38,16,<__main__.SmallCactus object at 0x7f9ba682a2e0>,2000,0,2
K_UP,332,38,16,<__main__.SmallCactus object at 0x7f9ba682a2e0>,2000,0,2
K_UP,316,38,16,<__main__.SmallCactus object at 0x7f9ba682a2e0>,2000,0,2
K_UP,300,38,16,<__main__.SmallCactus object at 0x7f9ba682a2e0>,2000,0,2
K_UP,284,38,16,<__main__.SmallCactus object at 0x7f9ba682a2e0>,2000,0,2
K_UP,268,38,16,<__main__.SmallCactus object at 0x7f9ba682a2e0>,2000,0,2
K_UP,252,38,16,<__main__.SmallCactus object at 0x7f9ba682a2e0>,2000,0,2
K_UP,236,38,16,<__main__.SmallCactus object at 0x7f9ba682a2e0>,2000,0,2
K_UP,220,38,16,<__main__.SmallCactus object at 0x7f9ba682a2e0>,2000,0,2
K_UP,204,38,16,<__main__.SmallCactus object at 0x7f9ba682a2e0>,2000,0,2
K_DOWN,380,123,16,<__main__.Bird object at 0x7f9ba682a400>,2000,0,2
K_DOWN,364,123,16,<__main__.Bird object at 0x7f9ba682a400>,2000,0,2
K_DOWN,348,123,16,<__main__.Bird object at 0x7f9ba682a400>,2000,0,2
K_DOWN,332,123,16,<__main__.Bird object at 0x7f9ba682a400>,2000,0,2
K_DOWN,316,123,16,<__main__.Bird object at 0x7f9ba682a400>,2000,0,2
K_DOWN,300,123,16,<__main__.Bird object at 0x7f9ba682a400>,2000,0,2
K_DOWN,284,123,16,<__main__.Bird object at 0x7f9ba682a400>,2000,0,2
K_DOWN,268,123,16,<__main__.Bird object at 0x7f9ba682a400>,2000,0,2
K_DOWN,252,123,16,<__main__.Bird object at 0x7f9ba682a400>,2000,0,2
K_DOWN,236,123,16,<__main__.Bird object at 0x7f9ba682a400>,2000,0,2
K_DOWN,220,123,16,<__main__.Bird object at 0x7f9ba682a400>,2000,0,2
K_DOWN,204,123,16,<__main__.Bird object at 0x7f9ba682a400>,2000,0,2
K_DOWN,188,123,16,<__main__.Bird object at 0x7f9ba682a400>,2000,0,2
K_DOWN,172,123,16,<__main__.Bird object at 0x7f9ba682a400>,2000,0,2
K_DOWN,156,123,16,<__main__.Bird object at 0x7f9ba682a400>,2000,0,2
K_DOWN,140,123,16,<__main__.Bird object at 0x7f9ba682a400>,2000,0,2
K_DOWN,124,123,16,<__main__.Bird object at 0x7f9ba682a400>,1084,38,<__main__.SmallCactus object at 0x7f9ba682a370>
K_DOWN,108,123,16,<__main__.Bird object at 0x7f9ba682a400>,1068,38,<__main__.SmallCactus object at 0x7f9ba682a370>
K_DOWN,92,123,16,<__main__.Bird object at 0x7f9ba682a400>,1052,38,<__main__.SmallCactus object at 0x7f9ba682a370>
K_DOWN,76,123,16,<__main__.Bird object at 0x7f9ba682a400>,1036,38,<__main__.SmallCactus object at 0x7f9ba682a370>
K_DOWN,60,123,16,<__main__.Bird object at 0x7f9ba682a400>,1020,38,<__main__.SmallCactus object at 0x7f9ba682a370>
K_DOWN,44,123,16,<__main__.Bird object at 0x7f9ba682a400>,1004,38,<__main__.SmallCactus object at 0x7f9ba682a370>
K_DOWN,28,123,16,<__main__.Bird object at 0x7f9ba682a400>,988,38,<__main__.SmallCactus object at 0x7f9ba682a370>
K_DOWN,12,123,16,<__main__.Bird object at 0x7f9ba682a400>,972,38,<__main__.SmallCactus object at 0x7f9ba682a370>
K_DOWN,-4,123,16,<__main__.Bird object at 0x7f9ba682a400>,956,38,<__main__.SmallCactus object at 0x7f9ba682a370>
K_UP,353,38,17,<__main__.SmallCactus object at 0x7f9ba682a370>,897,38,<__main__.SmallCactus object at 0x7f9ba682a520>
K_UP,336,38,17,<__main__.SmallCactus object at 0x7f9ba682a370>,880,38,<__main__.SmallCactus object at 0x7f9ba682a520>
K_UP,319,38,17,<__main__.SmallCactus object at 0x7f9ba682a370>,863,38,<__main__.SmallCactus object at 0x7f9ba682a520>
K_UP,302,38,17,<__main__.SmallCactus object at 0x7f9ba682a370>,846,38,<__main__.SmallCactus object at 0x7f9ba682a520>
K_UP,285,38,17,<__main__.SmallCactus object at 0x7f9ba682a370>,829,38,<__main__.SmallCactus object at 0x7f9ba682a520>
K_UP,268,38,17,<__main__.SmallCactus object at 0x7f9ba682a370>,812,38,<__main__.SmallCactus object at 0x7f9ba682a520>
K_UP,251,38,17,<__main__.SmallCactus object at 0x7f9ba682a370>,795,38,<__main__.SmallCactus object at 0x7f9ba682a520>
K_UP,234,38,17,<__main__.SmallCactus object at 0x7f9ba682a370>,778,38,<__main__.SmallCactus object at 0x7f9ba682a520>
K_UP,217,38,17,<__main__.SmallCactus object at 0x7f9ba682a370>,761,38,<__main__.SmallCactus object at 0x7f9ba682a520>
K_UP,302,38,17,<__main__.SmallCactus object at 0x7f9ba682a520>,998,38,<__main__.SmallCactus object at 0x7f9ba682a490>
K_UP,285,38,17,<__main__.SmallCactus object at 0x7f9ba682a520>,981,38,<__main__.SmallCactus object at 0x7f9ba682a490>
K_UP,268,38,17,<__main__.SmallCactus object at 0x7f9ba682a520>,964,38,<__main__.SmallCactus object at 0x7f9ba682a490>
K_UP,251,38,17,<__main__.SmallCactus object at 0x7f9ba682a520>,947,38,<__main__.SmallCactus object at 0x7f9ba682a490>
K_UP,234,38,17,<__main__.SmallCactus object at 0x7f9ba682a520>,930,38,<__main__.SmallCactus object at 0x7f9ba682a490>
K_UP,217,38,17,<__main__.SmallCactus object at 0x7f9ba682a520>,913,38,<__main__.SmallCactus object at 0x7f9ba682a490>
K_UP,200,38,17,<__main__.SmallCactus object at 0x7f9ba682a520>,896,38,<__main__.SmallCactus object at 0x7f9ba682a490>
K_UP,183,38,17,<__main__.SmallCactus object at 0x7f9ba682a520>,879,38,<__main__.SmallCactus object at 0x7f9ba682a490>
K_UP,166,38,17,<__main__.SmallCactus object at 0x7f9ba682a520>,862,38,<__main__.SmallCactus object at 0x7f9ba682a490>
K_UP,369,38,17,<__main__.SmallCactus object at 0x7f9ba682a490>,1032,58,<__main__.LargeCactus object at 0x7f9ba682a640>
K_UP,352,38,17,<__main__.SmallCactus object at 0x7f9ba682a490>,1015,58,<__main__.LargeCactus object at 0x7f9ba682a640>
K_UP,335,38,17,<__main__.SmallCactus object at 0x7f9ba682a490>,998,58,<__main__.LargeCactus object at 0x7f9ba682a640>
K_UP,318,38,17,<__main__.SmallCactus object at 0x7f9ba682a490>,981,58,<__main__.LargeCactus object at 0x7f9ba682a640>
K_UP,301,38,17,<__main__.SmallCactus object at 0x7f9ba682a490>,964,58,<__main__.LargeCactus object at 0x7f9ba682a640>
K_UP,284,38,17,<__main__.SmallCactus object at 0x7f9ba682a490>,947,58,<__main__.LargeCactus object at 0x7f9ba682a640>
K_UP,267,38,17,<__main__.SmallCactus object at 0x7f9ba682a490>,930,58,<__main__.LargeCactus object at 0x7f9ba682a640>
K_UP,250,38,17,<__main__.SmallCactus object at 0x7f9ba682a490>,913,58,<__main__.LargeCactus object at 0x7f9ba682a640>
K_UP,352,58,17,<__main__.LargeCactus object at 0x7f9ba682a640>,2000,0,2
K_UP,335,58,17,<__main__.LargeCactus object at 0x7f9ba682a640>,2000,0,2
K_UP,318,58,17,<__main__.LargeCactus object at 0x7f9ba682a640>,2000,0,2
K_UP,301,58,17,<__main__.LargeCactus object at 0x7f9ba682a640>,2000,0,2
K_UP,284,58,17,<__main__.LargeCactus object at 0x7f9ba682a640>,2000,0,2
K_UP,267,58,17,<__main__.LargeCactus object at 0x7f9ba682a640>,2000,0,2
K_UP,250,58,17,<__main__.LargeCactus object at 0x7f9ba682a640>,1083,83,<__main__.Bird object at 0x7f9ba682a5b0>
K_UP,233,58,17,<__main__.LargeCactus object at 0x7f9ba682a640>,1066,83,<__main__.Bird object at 0x7f9ba682a5b0>
K_DOWN,403,83,17,<__main__.Bird object at 0x7f9ba682a5b0>,2000,0,2
K_DOWN,386,83,17,<__main__.Bird object at 0x7f9ba682a5b0>,2000,0,2
K_DOWN,369,83,17,<__main__.Bird object at 0x7f9ba682a5b0>,2000,0,2
K_DOWN,352,83,17,<__main__.Bird object at 0x7f9ba682a5b0>,2000,0,2
K_DOWN,335,83,17,<__main__.Bird object at 0x7f9ba682a5b0>,2000,0,2
K_DOWN,318,83,17,<__main__.Bird object at 0x7f9ba682a5b0>,2000,0,2
K_DOWN,301,83,17,<__main__.Bird object at 0x7f9ba682a5b0>,2000,0,2
K_DOWN,284,83,17,<__main__.Bird object at 0x7f9ba682a5b0>,2000,0,2
K_DOWN,267,83,17,<__main__.Bird object at 0x7f9ba682a5b0>,2000,0,2
K_DOWN,250,83,17,<__main__.Bird object at 0x7f9ba682a5b0>,2000,0,2
K_DOWN,233,83,17,<__main__.Bird object at 0x7f9ba682a5b0>,2000,0,2
K_DOWN,216,83,17,<__main__.Bird object at 0x7f9ba682a5b0>,2000,0,2
K_DOWN,199,83,17,<__main__.Bird object at 0x7f9ba682a5b0>,2000,0,2
K_DOWN,182,83,17,<__main__.Bird object at 0x7f9ba682a5b0>,2000,0,2
K_DOWN,165,83,17,<__main__.Bird object at 0x7f9ba682a5b0>,2000,0,2
K_DOWN,148,83,17,<__main__.Bird object at 0x7f9ba682a5b0>,2000,0,2
K_DOWN,131,83,17,<__main__.Bird object at 0x7f9ba682a5b0>,2000,0,2
K_DOWN,114,83,17,<__main__.Bird object at 0x7f9ba682a5b0>,2000,0,2
K_DOWN,97,83,17,<__main__.Bird object at 0x7f9ba682a5b0>,2000,0,2
K_DOWN,80,83,17,<__main__.Bird object at 0x7f9ba682a5b0>,1083,58,<__main__.LargeCactus object at 0x7f9ba682a760>
K_DOWN,63,83,17,<__main__.Bird object at 0x7f9ba682a5b0>,1066,58,<__main__.LargeCactus object at 0x7f9ba682a760>
K_DOWN,46,83,17,<__main__.Bird object at 0x7f9ba682a5b0>,1049,58,<__main__.LargeCactus object at 0x7f9ba682a760>
K_DOWN,29,83,17,<__main__.Bird object at 0x7f9ba682a5b0>,1032,58,<__main__.LargeCactus object at 0x7f9ba682a760>
K_DOWN,12,83,17,<__main__.Bird object at 0x7f9ba682a5b0>,1015,58,<__main__.LargeCactus object at 0x7f9ba682a760>
K_DOWN,-5,83,17,<__main__.Bird object at 0x7f9ba682a5b0>,998,58,<__main__.LargeCactus object at 0x7f9ba682a760>
K_DOWN,-22,83,17,<__main__.Bird object at 0x7f9ba682a5b0>,981,58,<__main__.LargeCactus object at 0x7f9ba682a760>
K_DOWN,-39,83,17,<__main__.Bird object at 0x7f9ba682a5b0>,964,58,<__main__.LargeCactus object at 0x7f9ba682a760>
K_DOWN,-56,83,17,<__main__.Bird object at 0x7f9ba682a5b0>,947,58,<__main__.LargeCactus object at 0x7f9ba682a760>
K_DOWN,930,58,17,<__main__.LargeCactus object at 0x7f9ba682a760>,2000,0,2
K_DOWN,913,58,17,<__main__.LargeCactus object at 0x7f9ba682a760>,2000,0,2
K_UP,386,58,17,<__main__.LargeCactus object at 0x7f9ba682a760>,2000,0,2
K_UP,369,58,17,<__main__.LargeCactus object at 0x7f9ba682a760>,2000,0,2
K_UP,352,58,17,<__main__.LargeCactus object at 0x7f9ba682a760>,2000,0,2
K_UP,335,58,17,<__main__.LargeCactus object at 0x7f9ba682a760>,2000,0,2
K_UP,318,58,17,<__main__.LargeCactus object at 0x7f9ba682a760>,2000,0,2
K_UP,301,58,17,<__main__.LargeCactus object at 0x7f9ba682a760>,2000,0,2
K_UP,284,58,17,<__main__.LargeCactus object at 0x7f9ba682a760>,2000,0,2
K_UP,267,58,17,<__main__.LargeCactus object at 0x7f9ba682a760>,2000,0,2
K_UP,250,58,17,<__main__.LargeCactus object at 0x7f9ba682a760>,2000,0,2
K_UP,318,38,17,<__main__.SmallCactus object at 0x7f9ba682a6d0>,2000,0,2
K_UP,301,38,17,<__main__.SmallCactus object at 0x7f9ba682a6d0>,2000,0,2
K_UP,284,38,17,<__main__.SmallCactus object at 0x7f9ba682a6d0>,2000,0,2
K_UP,267,38,17,<__main__.SmallCactus object at 0x7f9ba682a6d0>,2000,0,2
K_UP,250,38,17,<__main__.SmallCactus object at 0x7f9ba682a6d0>,2000,0,2
K_UP,233,38,17,<__main__.SmallCactus object at 0x7f9ba682a6d0>,2000,0,2
K_UP,216,38,17,<__main__.SmallCactus object at 0x7f9ba682a6d0>,2000,0,2
K_UP,199,38,17,<__main__.SmallCactus object at 0x7f9ba682a6d0>,2000,0,2
K_DOWN,352,83,17,<__main__.Bird object at 0x7f9ba682a7f0>,998,38,<__main__.SmallCactus object at 0x7f9ba682a880>
K_DOWN,335,83,17,<__main__.Bird object at 0x7f9ba682a7f0>,981,38,<__main__.SmallCactus object at 0x7f9ba682a880>
K_DOWN,318,83,17,<__main__.Bird object at 0x7f9ba682a7f0>,964,38,<__main__.SmallCactus object at 0x7f9ba682a880>
K_DOWN,301,83,17,<__main__.Bird object at 0x7f9ba682a7f0>,947,38,<__main__.SmallCactus object at 0x7f9ba682a880>
K_DOWN,284,83,17,<__main__.Bird object at 0x7f9ba682a7f0>,930,38,<__main__.SmallCactus object at 0x7f9ba682a880>
K_DOWN,267,83,17,<__main__.Bird object at 0x7f9ba682a7f0>,913,38,<__main__.SmallCactus object at 0x7f9ba682a880>
K_DOWN,250,83,17,<__main__.Bird object at 0x7f9ba682a7f0>,896,38,<__main__.SmallCactus object at 0x7f9ba682a880>
K_DOWN,233,83,17,<__main__.Bird object at 0x7f9ba682a7f0>,879,38,<__main__.SmallCactus object at 0x7f9ba682a880>
K_DOWN,216,83,17,<__main__.Bird object at 0x7f9ba682a7f0>,862,38,<__main__.SmallCactus object at 0x7f9ba682a880>
K_DOWN,199,83,17,<__main__.Bird object at 0x7f9ba682a7f0>,845,38,<__main__.SmallCactus object at 0x7f9ba682a880>
K_DOWN,182,83,17,<__main__.Bird object at 0x7f9ba682a7f0>,828,38,<__main__.SmallCactus object at 0x7f9ba682a880>
K_DOWN,165,83,17,<__main__.Bird object at 0x7f9ba682a7f0>,811,38,<__main__.SmallCactus object at 0x7f9ba682a880>
K_DOWN,148,83,17,<__main__.Bird object at 0x7f9ba682a7f0>,794,38,<__main__.SmallCactus object at 0x7f9ba682a880>
K_DOWN,131,83,17,<__main__.Bird object at 0x7f9ba682a7f0>,777,38,<__main__.SmallCactus object at 0x7f9ba682a880>
K_DOWN,114,83,17,<__main__.Bird object at 0x7f9ba682a7f0>,760,38,<__main__.SmallCactus object at 0x7f9ba682a880>
K_DOWN,97,83,17,<__main__.Bird object at 0x7f9ba682a7f0>,743,38,<__main__.SmallCactus object at 0x7f9ba682a880>
K_DOWN,80,83,17,<__main__.Bird object at 0x7f9ba682a7f0>,726,38,<__main__.SmallCactus object at 0x7f9ba682a880>
K_DOWN,63,83,17,<__main__.Bird object at 0x7f9ba682a7f0>,709,38,<__main__.SmallCactus object at 0x7f9ba682a880>
K_DOWN,46,83,17,<__main__.Bird object at 0x7f9ba682a7f0>,692,38,<__main__.SmallCactus object at 0x7f9ba682a880>
K_DOWN,29,83,17,<__main__.Bird object at 0x7f9ba682a7f0>,675,38,<__main__.SmallCactus object at 0x7f9ba682a880>
K_DOWN,12,83,17,<__main__.Bird object at 0x7f9ba682a7f0>,658,38,<__main__.SmallCactus object at 0x7f9ba682a880>
K_DOWN,-5,83,17,<__main__.Bird object at 0x7f9ba682a7f0>,641,38,<__main__.SmallCactus object at 0x7f9ba682a880>
K_DOWN,-22,83,17,<__main__.Bird object at 0x7f9ba682a7f0>,624,38,<__main__.SmallCactus object at 0x7f9ba682a880>
K_DOWN,-39,83,17,<__main__.Bird object at 0x7f9ba682a7f0>,607,38,<__main__.SmallCactus object at 0x7f9ba682a880>
K_DOWN,-56,83,17,<__main__.Bird object at 0x7f9ba682a7f0>,590,38,<__main__.SmallCactus object at 0x7f9ba682a880>
K_DOWN,573,38,17,<__main__.SmallCactus object at 0x7f9ba682a880>,2000,0,2
K_DOWN,556,38,17,<__main__.SmallCactus object at 0x7f9ba682a880>,2000,0,2
K_UP,335,38,17,<__main__.SmallCactus object at 0x7f9ba682a880>,2000,0,2
K_UP,318,38,17,<__main__.SmallCactus object at 0x7f9ba682a880>,2000,0,2
K_UP,301,38,17,<__main__.SmallCactus object at 0x7f9ba682a880>,2000,0,2
K_UP,284,38,17,<__main__.SmallCactus object at 0x7f9ba682a880>,2000,0,2
K_UP,267,38,17,<__main__.SmallCactus object at 0x7f9ba682a880>,2000,0,2
K_UP,250,38,17,<__main__.SmallCactus object at 0x7f9ba682a880>,2000,0,2
K_UP,233,38,17,<__main__.SmallCactus object at 0x7f9ba682a880>,2000,0,2
K_UP,216,38,17,<__main__.SmallCactus object at 0x7f9ba682a880>,2000,0,2
K_UP,199,38,17,<__main__.SmallCactus object at 0x7f9ba682a880>,2000,0,2
K_UP,182,38,17,<__main__.SmallCactus object at 0x7f9ba682a880>,2000,0,2
K_UP,330,38,18,<__main__.SmallCactus object at 0x7f9ba682a9a0>,2000,0,2
K_UP,312,38,18,<__main__.SmallCactus object at 0x7f9ba682a9a0>,2000,0,2
K_UP,294,38,18,<__main__.SmallCactus object at 0x7f9ba682a9a0>,2000,0,2
K_UP,276,38,18,<__main__.SmallCactus object at 0x7f9ba682a9a0>,2000,0,2
K_UP,258,38,18,<__main__.SmallCactus object at 0x7f9ba682a9a0>,1082,38,<__main__.SmallCactus object at 0x7f9ba682a910>
K_UP,240,38,18,<__main__.SmallCactus object at 0x7f9ba682a9a0>,1064,38,<__main__.SmallCactus object at 0x7f9ba682a910>
K_UP,222,38,18,<__main__.SmallCactus object at 0x7f9ba682a9a0>,1046,38,<__main__.SmallCactus object at 0x7f9ba682a910>
K_UP,398,38,18,<__main__.SmallCactus object at 0x7f9ba682a910>,2000,0,2
K_UP,380,38,18,<__main__.SmallCactus object at 0x7f9ba682a910>,2000,0,2
K_UP,362,38,18,<__main__.SmallCactus object at 0x7f9ba682a910>,2000,0,2
K_UP,344,38,18,<__main__.SmallCactus object at 0x7f9ba682a910>,2000,0,2
K_UP,326,38,18,<__main__.SmallCactus object at 0x7f9ba682a910>,2000,0,2
K_UP,308,38,18,<__main__.SmallCactus object at 0x7f9ba682a910>,2000,0,2
K_UP,290,38,18,<__main__.SmallCactus object at 0x7f9ba682a910>,2000,0,2
K_DOWN,362,123,18,<__main__.Bird object at 0x7f9ba682aa30>,866,58,<__main__.LargeCactus object at 0x7f9ba682aac0>
K_DOWN,344,123,18,<__main__.Bird object at 0x7f9ba682aa30>,848,58,<__main__.LargeCactus object at 0x7f9ba682aac0>
K_DOWN,326,123,18,<__main__.Bird object at 0x7f9ba682aa30>,830,58,<__main__.LargeCactus object at 0x7f9ba682aac0>
K_DOWN,308,123,18,<__main__.Bird object at 0x7f9ba682aa30>,812,58,<__main__.LargeCactus object at 0x7f9ba682aac0>
K_DOWN,290,123,18,<__main__.Bird object at 0x7f9ba682aa30>,794,58,<__main__.LargeCactus object at 0x7f9ba682aac0>
K_DOWN,272,123,18,<__main__.Bird object at 0x7f9ba682aa30>,776,58,<__main__.LargeCactus object at 0x7f9ba682aac0>
K_DOWN,254,123,18,<__main__.Bird object at 0x7f9ba682aa30>,758,58,<__main__.LargeCactus object at 0x7f9ba682aac0>
K_DOWN,236,123,18,<__main__.Bird object at 0x7f9ba682aa30>,740,58,<__main__.LargeCactus object at 0x7f9ba682aac0>
K_DOWN,218,123,18,<__main__.Bird object at 0x7f9ba682aa30>,722,58,<__main__.LargeCactus object at 0x7f9ba682aac0>
K_DOWN,200,123,18,<__main__.Bird object at 0x7f9ba682aa30>,704,58,<__main__.LargeCactus object at 0x7f9ba682aac0>
K_DOWN,182,123,18,<__main__.Bird object at 0x7f9ba682aa30>,686,58,<__main__.LargeCactus object at 0x7f9ba682aac0>
K_DOWN,164,123,18,<__main__.Bird object at 0x7f9ba682aa30>,668,58,<__main__.LargeCactus object at 0x7f9ba682aac0>
K_DOWN,146,123,18,<__main__.Bird object at 0x7f9ba682aa30>,650,58,<__main__.LargeCactus object at 0x7f9ba682aac0>
K_DOWN,128,123,18,<__main__.Bird object at 0x7f9ba682aa30>,632,58,<__main__.LargeCactus object at 0x7f9ba682aac0>
K_DOWN,110,123,18,<__main__.Bird object at 0x7f9ba682aa30>,614,58,<__main__.LargeCactus object at 0x7f9ba682aac0>
K_DOWN,92,123,18,<__main__.Bird object at 0x7f9ba682aa30>,596,58,<__main__.LargeCactus object at 0x7f9ba682aac0>
K_UP,416,58,18,<__main__.LargeCactus object at 0x7f9ba682aac0>,1010,58,<__main__.LargeCactus object at 0x7f9ba682ab50>
K_UP,398,58,18,<__main__.LargeCactus object at 0x7f9ba682aac0>,992,58,<__main__.LargeCactus object at 0x7f9ba682ab50>
K_UP,380,58,18,<__main__.LargeCactus object at 0x7f9ba682aac0>,974,58,<__main__.LargeCactus object at 0x7f9ba682ab50>
K_UP,362,58,18,<__main__.LargeCactus object at 0x7f9ba682aac0>,956,58,<__main__.LargeCactus object at 0x7f9ba682ab50>
K_UP,344,58,18,<__main__.LargeCactus object at 0x7f9ba682aac0>,938,58,<__main__.LargeCactus object at 0x7f9ba682ab50>
K_UP,326,58,18,<__main__.LargeCactus object at 0x7f9ba682aac0>,920,58,<__main__.LargeCactus object at 0x7f9ba682ab50>
K_UP,308,58,18,<__main__.LargeCactus object at 0x7f9ba682aac0>,902,58,<__main__.LargeCactus object at 0x7f9ba682ab50>
K_UP,290,58,18,<__main__.LargeCactus object at 0x7f9ba682aac0>,884,58,<__main__.LargeCactus object at 0x7f9ba682ab50>
K_UP,272,58,18,<__main__.LargeCactus object at 0x7f9ba682aac0>,866,58,<__main__.LargeCactus object at 0x7f9ba682ab50>
K_UP,254,58,18,<__main__.LargeCactus object at 0x7f9ba682aac0>,848,58,<__main__.LargeCactus object at 0x7f9ba682ab50>
K_UP,236,58,18,<__main__.LargeCactus object at 0x7f9ba682aac0>,830,58,<__main__.LargeCactus object at 0x7f9ba682ab50>
K_UP,362,58,18,<__main__.LargeCactus object at 0x7f9ba682ab50>,2000,0,2
K_UP,344,58,18,<__main__.LargeCactus object at 0x7f9ba682ab50>,2000,0,2
K_UP,326,58,18,<__main__.LargeCactus object at 0x7f9ba682ab50>,2000,0,2
K_UP,308,58,18,<__main__.LargeCactus object at 0x7f9ba682ab50>,2000,0,2
K_UP,290,58,18,<__main__.LargeCactus object at 0x7f9ba682ab50>,2000,0,2
K_UP,272,58,18,<__main__.LargeCactus object at 0x7f9ba682ab50>,2000,0,2
K_UP,254,58,18,<__main__.LargeCactus object at 0x7f9ba682ab50>,2000,0,2
K_UP,236,58,18,<__main__.LargeCactus object at 0x7f9ba682ab50>,1082,58,<__main__.LargeCactus object at 0x7f9ba682abe0>
K_UP,398,58,18,<__main__.LargeCactus object at 0x7f9ba682abe0>,1064,38,<__main__.SmallCactus object at 0x7f9ba682ac70>
K_UP,380,58,18,<__main__.LargeCactus object at 0x7f9ba682abe0>,1046,38,<__main__.SmallCactus object at 0x7f9ba682ac70>
K_UP,362,58,18,<__main__.LargeCactus object at 0x7f9ba682abe0>,1028,38,<__main__.SmallCactus object at 0x7f9ba682ac70>
K_UP,344,58,18,<__main__.LargeCactus object at 0x7f9ba682abe0>,1010,38,<__main__.SmallCactus object at 0x7f9ba682ac70>
K_UP,326,58,18,<__main__.LargeCactus object at 0x7f9ba682abe0>,992,38,<__main__.SmallCactus object at 0x7f9ba682ac70>
K_UP,308,58,18,<__main__.LargeCactus object at 0x7f9ba682abe0>,974,38,<__main__.SmallCactus object at 0x7f9ba682ac70>
K_UP,290,58,18,<__main__.LargeCactus object at 0x7f9ba682abe0>,956,38,<__main__.SmallCactus object at 0x7f9ba682ac70>
K_UP,272,58,18,<__main__.LargeCactus object at 0x7f9ba682abe0>,938,38,<__main__.SmallCactus object at 0x7f9ba682ac70>
K_UP,380,38,18,<__main__.SmallCactus object at 0x7f9ba682ac70>,2000,0,2
K_UP,362,38,18,<__main__.SmallCactus object at 0x7f9ba682ac70>,2000,0,2
K_UP,344,38,18,<__main__.SmallCactus object at 0x7f9ba682ac70>,2000,0,2
K_UP,326,38,18,<__main__.SmallCactus object at 0x7f9ba682ac70>,2000,0,2
K_UP,308,38,18,<__main__.SmallCactus object at 0x7f9ba682ac70>,2000,0,2
K_UP,290,38,18,<__main__.SmallCactus object at 0x7f9ba682ac70>,2000,0,2
K_UP,272,38,18,<__main__.SmallCactus object at 0x7f9ba682ac70>,2000,0,2
K_UP,254,38,18,<__main__.SmallCactus object at 0x7f9ba682ac70>,2000,0,2
K_UP,398,58,18,<__main__.LargeCactus object at 0x7f9ba682ad90>,2000,0,2
K_UP,380,58,18,<__main__.LargeCactus object at 0x7f9ba682ad90>,2000,0,2
K_UP,362,58,18,<__main__.LargeCactus object at 0x7f9ba682ad90>,2000,0,2
K_UP,344,58,18,<__main__.LargeCactus object at 0x7f9ba682ad90>,2000,0,2
K_UP,326,58,18,<__main__.LargeCactus object at 0x7f9ba682ad90>,2000,0,2
K_UP,308,58,18,<__main__.LargeCactus object at 0x7f9ba682ad90>,2000,0,2
K_UP,290,58,18,<__main__.LargeCactus object at 0x7f9ba682ad90>,2000,0,2
K_UP,362,58,18,<__main__.LargeCactus object at 0x7f9ba682ae20>,1064,38,<__main__.SmallCactus object at 0x7f9ba682ad00>
K_UP,344,58,18,<__main__.LargeCactus object at 0x7f9ba682ae20>,1046,38,<__main__.SmallCactus object at 0x7f9ba682ad00>
K_UP,326,58,18,<__main__.LargeCactus object at 0x7f9ba682ae20>,1028,38,<__main__.SmallCactus object at 0x7f9ba682ad00>
K_UP,308,58,18,<__main__.LargeCactus object at 0x7f9ba682ae20>,1010,38,<__main__.SmallCactus object at 0x7f9ba682ad00>
K_UP,290,58,18,<__main__.LargeCactus object at 0x7f9ba682ae20>,992,38,<__main__.SmallCactus object at 0x7f9ba682ad00>
K_UP,272,58,18,<__main__.LargeCactus object at 0x7f9ba682ae20>,974,38,<__main__.SmallCactus object at 0x7f9ba682ad00>
K_UP,254,58,18,<__main__.LargeCactus object at 0x7f9ba682ae20>,956,38,<__main__.SmallCactus object at 0x7f9ba682ad00>
K_UP,357,38,19,<__main__.SmallCactus object at 0x7f9ba682ad00>,2000,0,2
K_UP,338,38,19,<__main__.SmallCactus object at 0x7f9ba682ad00>,2000,0,2
K_UP,319,38,19,<__main__.SmallCactus object at 0x7f9ba682ad00>,2000,0,2
K_UP,300,38,19,<__main__.SmallCactus object at 0x7f9ba682ad00>,2000,0,2
K_UP,281,38,19,<__main__.SmallCactus object at 0x7f9ba682ad00>,2000,0,2
K_UP,262,38,19,<__main__.SmallCactus object at 0x7f9ba682ad00>,2000,0,2
K_UP,243,38,19,<__main__.SmallCactus object at 0x7f9ba682ad00>,2000,0,2
K_UP,224,38,19,<__main__.SmallCactus object at 0x7f9ba682ad00>,2000,0,2
K_DOWN,397,83,19,<__main__.Bird object at 0x7f9ba682af40>,2000,0,2
K_DOWN,378,83,19,<__main__.Bird object at 0x7f9ba682af40>,2000,0,2
K_DOWN,359,83,19,<__main__.Bird object at 0x7f9ba682af40>,2000,0,2
K_DOWN,340,83,19,<__main__.Bird object at 0x7f9ba682af40>,2000,0,2
K_DOWN,321,83,19,<__main__.Bird object at 0x7f9ba682af40>,2000,0,2
K_DOWN,302,83,19,<__main__.Bird object at 0x7f9ba682af40>,2000,0,2
K_DOWN,283,83,19,<__main__.Bird object at 0x7f9ba682af40>,2000,0,2
K_DOWN,264,83,19,<__main__.Bird object at 0x7f9ba682af40>,2000,0,2
K_DOWN,245,83,19,<__main__.Bird object at 0x7f9ba682af40>,2000,0,2
K_DOWN,226,83,19,<__main__.Bird object at 0x7f9ba682af40>,2000,0,2
K_DOWN,207,83,19,<__main__.Bird object at 0x7f9ba682af40>,2000,0,2
K_DOWN,188,83,19,<__main__.Bird object at 0x7f9ba682af40>,2000,0,2
K_DOWN,169,83,19,<__main__.Bird object at 0x7f9ba682af40>,2000,0,2
K_DOWN,150,83,19,<__main__.Bird object at 0x7f9ba682af40>,2000,0,2
K_DOWN,131,83,19,<__main__.Bird object at 0x7f9ba682af40>,2000,0,2
K_DOWN,112,83,19,<__main__.Bird object at 0x7f9ba682af40>,1081,38,<__main__.SmallCactus object at 0x7f9ba682afd0>
K_DOWN,93,83,19,<__main__.Bird object at 0x7f9ba682af40>,1062,38,<__main__.SmallCactus object at 0x7f9ba682afd0>
K_DOWN,74,83,19,<__main__.Bird object at 0x7f9ba682af40>,1043,38,<__main__.SmallCactus object at 0x7f9ba682afd0>
K_DOWN,55,83,19,<__main__.Bird object at 0x7f9ba682af40>,1024,38,<__main__.SmallCactus object at 0x7f9ba682afd0>
K_UP,378,38,19,<__main__.SmallCactus object at 0x7f9ba682afd0>,2000,0,2
K_UP,359,38,19,<__main__.SmallCactus object at 0x7f9ba682afd0>,2000,0,2
K_UP,340,38,19,<__main__.SmallCactus object at 0x7f9ba682afd0>,2000,0,2
K_UP,321,38,19,<__main__.SmallCactus object at 0x7f9ba682afd0>,2000,0,2
K_UP,302,38,19,<__main__.SmallCactus object at 0x7f9ba682afd0>,2000,0,2
K_UP,283,38,19,<__main__.SmallCactus object at 0x7f9ba682afd0>,2000,0,2
K_UP,264,38,19,<__main__.SmallCactus object at 0x7f9ba682afd0>,2000,0,2
K_UP,359,58,19,<__main__.LargeCactus object at 0x7f9ba682aeb0>,2000,0,2
K_UP,340,58,19,<__main__.LargeCactus object at 0x7f9ba682aeb0>,1081,38,<__main__.SmallCactus object at 0x7f9ba6837130>
K_UP,321,58,19,<__main__.LargeCactus object at 0x7f9ba682aeb0>,1062,38,<__main__.SmallCactus object at 0x7f9ba6837130>
K_UP,302,58,19,<__main__.LargeCactus object at 0x7f9ba682aeb0>,1043,38,<__main__.SmallCactus object at 0x7f9ba6837130>
K_UP,283,58,19,<__main__.LargeCactus object at 0x7f9ba682aeb0>,1024,38,<__main__.SmallCactus object at 0x7f9ba6837130>
K_UP,264,58,19,<__main__.LargeCactus object at 0x7f9ba682aeb0>,1005,38,<__main__.SmallCactus object at 0x7f9ba6837130>
K_UP,245,58,19,<__main__.LargeCactus object at 0x7f9ba682aeb0>,986,38,<__main__.SmallCactus object at 0x7f9ba6837130>
K_UP,226,58,19,<__main__.LargeCactus object at 0x7f9ba682aeb0>,967,38,<__main__.SmallCactus object at 0x7f9ba6837130>
K_UP,378,38,19,<__main__.SmallCactus object at 0x7f9ba6837130>,891,123,<__main__.Bird object at 0x7f9ba68370a0>
K_UP,359,38,19,<__main__.SmallCactus object at 0x7f9ba6837130>,872,123,<__main__.Bird object at 0x7f9ba68370a0>
K_UP,340,38,19,<__main__.SmallCactus object at 0x7f9ba6837130>,853,123,<__main__.Bird object at 0x7f9ba68370a0>
K_UP,321,38,19,<__main__.SmallCactus object at 0x7f9ba6837130>,834,123,<__main__.Bird object at 0x7f9ba68370a0>
K_UP,302,38,19,<__main__.SmallCactus object at 0x7f9ba6837130>,815,123,<__main__.Bird object at 0x7f9ba68370a0>
K_UP,283,38,19,<__main__.SmallCactus object at 0x7f9ba6837130>,796,123,<__main__.Bird object at 0x7f9ba68370a0>
K_UP,264,38,19,<__main__.SmallCactus object at 0x7f9ba6837130>,777,123,<__main__.Bird object at 0x7f9ba68370a0>
K_DOWN,321,123,19,<__main__.Bird object at 0x7f9ba68370a0>,777,58,<__main__.LargeCactus object at 0x7f9ba68371c0>
K_DOWN,302,123,19,<__main__.Bird object at 0x7f9ba68370a0>,758,58,<__main__.LargeCactus object at 0x7f9ba68371c0>
K_DOWN,283,123,19,<__main__.Bird object at 0x7f9ba68370a0>,739,58,<__main__.LargeCactus object at 0x7f9ba68371c0>
K_DOWN,264,123,19,<__main__.Bird object at 0x7f9ba68370a0>,720,58,<__main__.LargeCactus object at 0x7f9ba68371c0>
K_DOWN,245,123,19,<__main__.Bird object at 0x7f9ba68370a0>,701,58,<__main__.LargeCactus object at 0x7f9ba68371c0>
K_DOWN,226,123,19,<__main__.Bird object at 0x7f9ba68370a0>,682,58,<__main__.LargeCactus object at 0x7f9ba68371c0>
K_DOWN,207,123,19,<__main__.Bird object at 0x7f9ba68370a0>,663,58,<__main__.LargeCactus object at 0x7f9ba68371c0>
K_DOWN,188,123,19,<__main__.Bird object at 0x7f9ba68370a0>,644,58,<__main__.LargeCactus object at 0x7f9ba68371c0>
K_DOWN,169,123,19,<__main__.Bird object at 0x7f9ba68370a0>,625,58,<__main__.LargeCactus object at 0x7f9ba68371c0>
K_DOWN,150,123,19,<__main__.Bird object at 0x7f9ba68370a0>,606,58,<__main__.LargeCactus object at 0x7f9ba68371c0>
K_DOWN,131,123,19,<__main__.Bird object at 0x7f9ba68370a0>,587,58,<__main__.LargeCactus object at 0x7f9ba68371c0>
K_DOWN,112,123,19,<__main__.Bird object at 0x7f9ba68370a0>,568,58,<__main__.LargeCactus object at 0x7f9ba68371c0>
K_UP,359,58,19,<__main__.LargeCactus object at 0x7f9ba68371c0>,2000,0,2
K_UP,340,58,19,<__main__.LargeCactus object at 0x7f9ba68371c0>,2000,0,2
K_UP,321,58,19,<__main__.LargeCactus object at 0x7f9ba68371c0>,2000,0,2
K_UP,302,58,19,<__main__.LargeCactus object at 0x7f9ba68371c0>,2000,0,2
K_UP,283,58,19,<__main__.LargeCactus object at 0x7f9ba68371c0>,2000,0,2
K_UP,264,58,19,<__main__.LargeCactus object at 0x7f9ba68371c0>,2000,0,2
K_UP,245,58,19,<__main__.LargeCactus object at 0x7f9ba68371c0>,2000,0,2
K_UP,226,58,19,<__main__.LargeCactus object at 0x7f9ba68371c0>,2000,0,2
K_UP,207,58,19,<__main__.LargeCactus object at 0x7f9ba68371c0>,2000,0,2
K_UP,188,58,19,<__main__.LargeCactus object at 0x7f9ba68371c0>,1081,58,<__main__.LargeCactus object at 0x7f9ba6837250>
K_UP,435,58,19,<__main__.LargeCactus object at 0x7f9ba6837250>,2000,0,2
K_UP,416,58,19,<__main__.LargeCactus object at 0x7f9ba6837250>,2000,0,2
K_UP,397,58,19,<__main__.LargeCactus object at 0x7f9ba6837250>,2000,0,2
K_UP,378,58,19,<__main__.LargeCactus object at 0x7f9ba6837250>,2000,0,2
K_UP,359,58,19,<__main__.LargeCactus object at 0x7f9ba6837250>,2000,0,2
K_UP,340,58,19,<__main__.LargeCactus object at 0x7f9ba6837250>,2000,0,2
K_UP,321,58,19,<__main__.LargeCactus object at 0x7f9ba6837250>,2000,0,2
K_UP,302,58,19,<__main__.LargeCactus object at 0x7f9ba6837250>,2000,0,2
K_UP,378,38,19,<__main__.SmallCactus object at 0x7f9ba6837370>,1062,58,<__main__.LargeCactus object at 0x7f9ba6837400>
K_UP,359,38,19,<__main__.SmallCactus object at 0x7f9ba6837370>,1043,58,<__main__.LargeCactus object at 0x7f9ba6837400>
K_UP,340,38,19,<__main__.SmallCactus object at 0x7f9ba6837370>,1024,58,<__main__.LargeCactus object at 0x7f9ba6837400>
K_UP,321,38,19,<__main__.SmallCactus object at 0x7f9ba6837370>,1005,58,<__main__.LargeCactus object at 0x7f9ba6837400>
K_UP,302,38,19,<__main__.SmallCactus object at 0x7f9ba6837370>,986,58,<__main__.LargeCactus object at 0x7f9ba6837400>
K_UP,283,38,19,<__main__.SmallCactus object at 0x7f9ba6837370>,967,58,<__main__.LargeCactus object at 0x7f9ba6837400>
K_UP,264,38,19,<__main__.SmallCactus object at 0x7f9ba6837370>,948,58,<__main__.LargeCactus object at 0x7f9ba6837400>
K_UP,245,38,19,<__main__.SmallCactus object at 0x7f9ba6837370>,929,58,<__main__.LargeCactus object at 0x7f9ba6837400>
K_UP,352,58,20,<__main__.LargeCactus object at 0x7f9ba6837400>,2000,0,2
K_UP,332,58,20,<__main__.LargeCactus object at 0x7f9ba6837400>,2000,0,2
K_UP,312,58,20,<__main__.LargeCactus object at 0x7f9ba6837400>,2000,0,2
K_UP,292,58,20,<__main__.LargeCactus object at 0x7f9ba6837400>,1080,38,<__main__.SmallCactus object at 0x7f9ba68372e0>
K_UP,272,58,20,<__main__.LargeCactus object at 0x7f9ba6837400>,1060,38,<__main__.SmallCactus object at 0x7f9ba68372e0>
K_UP,252,58,20,<__main__.LargeCactus object at 0x7f9ba6837400>,1040,38,<__main__.SmallCactus object at 0x7f9ba68372e0>
K_UP,232,58,20,<__main__.LargeCactus object at 0x7f9ba6837400>,1020,38,<__main__.SmallCactus object at 0x7f9ba68372e0>
K_UP,212,58,20,<__main__.LargeCactus object at 0x7f9ba6837400>,1000,38,<__main__.SmallCactus object at 0x7f9ba68372e0>
K_UP,380,38,20,<__main__.SmallCactus object at 0x7f9ba68372e0>,840,58,<__main__.LargeCactus object at 0x7f9ba6837520>
K_UP,360,38,20,<__main__.SmallCactus object at 0x7f9ba68372e0>,820,58,<__main__.LargeCactus object at 0x7f9ba6837520>
K_UP,340,38,20,<__main__.SmallCactus object at 0x7f9ba68372e0>,800,58,<__main__.LargeCactus object at 0x7f9ba6837520>
K_UP,320,38,20,<__main__.SmallCactus object at 0x7f9ba68372e0>,780,58,<__main__.LargeCactus object at 0x7f9ba6837520>
K_UP,300,38,20,<__main__.SmallCactus object at 0x7f9ba68372e0>,760,58,<__main__.LargeCactus object at 0x7f9ba6837520>
K_UP,280,38,20,<__main__.SmallCactus object at 0x7f9ba68372e0>,740,58,<__main__.LargeCactus object at 0x7f9ba6837520>
K_UP,260,38,20,<__main__.SmallCactus object at 0x7f9ba68372e0>,720,58,<__main__.LargeCactus object at 0x7f9ba6837520>
K_UP,240,38,20,<__main__.SmallCactus object at 0x7f9ba68372e0>,700,58,<__main__.LargeCactus object at 0x7f9ba6837520>
K_UP,200,58,20,<__main__.LargeCactus object at 0x7f9ba6837520>,2000,0,2
K_UP,180,58,20,<__main__.LargeCactus object at 0x7f9ba6837520>,2000,0,2
K_UP,160,58,20,<__main__.LargeCactus object at 0x7f9ba6837520>,2000,0,2
